campaign,backend,clients,family,fanout,group,leaf_bits,partitions,queries_per_client,row_bytes,rows,seed,repeats,verified_answers,service_cpu_ms,service_min_ms,service_max_ms,server_client_setup_ms,global_publish_build_cpu_ms,external_canonical_fixture_cpu_ms,logical_index_bytes,metadata_state_bytes,client_setup_cpu_ms,client_online_cpu_ms,complete_client_process_cpu_ms,setup_download_bytes,query_upload_bytes,query_download_bytes,p50_first_answer_wall_ms,p95_first_answer_wall_ms,max_client_rss_bytes,rss_qualified,budget_failures,median_private_reads,projected_G1_cpu_ms,projected_G16_cpu_ms,projected_G256_cpu_ms,projected_G4096_cpu_ms,block,distribution,field_bits,key_layout,canonical_file,verifier,finite_d,finite_m
pir-cold-search-screen-v1,dense,16,binary-tags,2,2,8,4,1,32,1024,1,5,80,0.9056193124999996,0.8831269374999997,0.9811578124999996,0.126924,22.831406000000005,0,250880,71,6.629238,0.7002390000000001,67.4175,97,6810,3003,166.308105,180.512401,,False,,5.0,23.737025312500005,2.3325821875,0.9948044921874997,0.9111933862304683,,,,,,,,
pir-cold-search-screen-v1,dense,16,json-tags,2,2,8,4,1,32,1024,1,5,80,1.0142661250000014,0.9981333125000006,1.0358262500000002,0.1207874375,37.216204,0,463360,72,6.640198,0.730009,67.06700000000001,98,6810,4665,164.862558,170.579252,,False,,5.0,38.230470125,3.340278875000001,1.1596419218750014,1.023352112304689,,,,,,,,
pir-cold-search-screen-v1,singlepass,16,binary-tags,2,2,8,4,1,32,1024,1,5,80,14.027217125,13.811878562500002,14.145062187500004,13.233374125,25.620266999999984,0,250880,103751,12.773029999999999,0.739843,73.3115,535415,610,9301,183.444545,189.102143,,False,,5.0,39.647484124999984,15.628483812499999,14.12729629296875,14.033472072998046,,,,,,,,
pir-cold-search-screen-v1,singlepass,16,json-tags,2,2,8,4,1,32,1024,1,5,80,21.948885812499995,21.755470937500014,22.993390125000005,21.018660624999992,40.14996599999989,0,463360,156872,14.767960500000001,0.7906215,75.93599999999999,960377,608,15938,194.1343605,239.368111,,False,,5.0,62.09885181249989,24.45825868749999,22.105721617187495,21.958688050292963,,,,,,,,
pir-cold-search-screen-v1,dense,16,binary-tags,2,4,8,4,1,32,1024,1,5,80,0.7475880625,0.7363330000000005,0.7707736875000004,0.1129240625,17.114988999999994,0,200704,72,6.6547965,0.556848,67.148,98,2376,3966,165.5579875,173.327899,,False,,4.0,17.862577062499994,1.8172748749999996,0.8144434882812499,0.7517665266113281,,,,,,,,
pir-cold-search-screen-v1,dense,16,json-tags,2,4,8,4,1,32,1024,1,5,80,0.8559289999999997,0.8438566875000003,0.8691734375000002,0.1314014375,26.95955599999999,0,367616,72,6.614814,0.5821645,66.87799999999999,98,2376,6579,165.4664885,170.159252,,False,,4.0,27.81548499999999,2.5409012499999992,0.9612397656249997,0.8625109228515622,,,,,,,,
pir-cold-search-screen-v1,singlepass,16,binary-tags,2,4,8,4,1,32,1024,1,5,80,10.804390937499997,10.654186312500013,10.816953874999992,9.979827499999997,19.280471000000034,0,200704,66632,9.831859,0.617496,70.189,414910,482,13709,176.77477249999998,183.699579,,False,,4.0,30.08486193750003,12.009420375,10.879705277343747,10.809098083740231,,,,,,,,
pir-cold-search-screen-v1,singlepass,16,json-tags,2,4,8,4,1,32,1024,1,5,80,18.821206437500003,18.6973693125,18.864191999999996,17.8172101875,27.940835000000106,0,367616,108360,11.3090975,0.6674725,71.965,748735,482,24140,186.974177,193.439893,,False,,4.0,46.76204143750011,20.56750862500001,18.930350324218754,18.828027930419925,,,,,,,,
pir-cold-search-screen-v1,dense,16,binary-tags,2,16,8,4,1,32,1024,1,5,80,0.5491626875000001,0.5371223124999998,0.5622163750000003,0.10615025,10.150246999999998,0,100352,72,6.6442475000000005,0.3142195,67.1335,98,292,6684,164.892561,171.30381,,False,,2.0,10.6994096875,1.183553125,0.5888120898437501,0.5516407751464845,,,,,,,,
pir-cold-search-screen-v1,dense,16,json-tags,2,16,8,4,1,32,1024,1,5,80,0.6679834374999999,0.6481092500000001,0.72849725,0.1250410625,15.348308000000003,0,181632,73,6.610787500000001,0.337615,66.9255,99,292,11764,165.0293125,170.281291,,False,,2.0,16.0162914375,1.6272526875,0.7279377656249999,0.6717305830078124,,,,,,,,
pir-cold-search-screen-v1,singlepass,16,binary-tags,2,16,8,4,1,32,1024,1,5,80,5.852524250000001,5.813335250000001,5.9628208749999985,5.0562505,10.235366999999982,0,100352,27208,7.7753025000000004,0.3716625,68.077,202558,223,25666,171.110097,176.192502,,False,,2.0,16.087891249999984,6.4922346875,5.892506152343751,5.855023118896486,,,,,,,,
pir-cold-search-screen-v1,singlepass,16,json-tags,2,16,8,4,1,32,1024,1,5,80,9.335374437500006,9.240554124999996,9.351882375,8.140167750000002,15.381510000000048,0,181632,47529,8.311497,0.44349150000000004,68.5445,365119,222,45989,174.6993555,182.739605,,False,,2.0,24.716884437500056,10.296718812500009,9.395458460937506,9.33912968896485,,,,,,,,
pir-cold-search-screen-v1,dense,16,binary-tags,2,2,8,4,1,96,1024,1,5,80,1.0677465000000008,1.0376919999999994,1.1064693749999994,0.1324874375,35.16957299999999,0,578560,72,6.5899339999999995,0.7011354999999999,67.13749999999999,98,6810,5564,165.7363035,169.83736,,False,,5.0,36.23731949999999,3.2658448125,1.2051276445312509,1.076332821533204,,,,,,,,
pir-cold-search-screen-v1,dense,16,json-tags,2,2,8,4,1,96,1024,1,5,80,1.3321021249999991,1.3024151249999987,1.3452265624999988,0.1293571875,63.97350400000002,0,1118720,72,6.6925835,0.7351295,67.3885,98,6810,9780,165.97877,180.186909,,False,,5.0,65.30560612500003,5.330446125,1.5819986249999993,1.347720656249999,,,,,,,,
pir-cold-search-screen-v1,singlepass,16,binary-tags,2,2,8,4,1,96,1024,1,5,80,28.4016719375,28.176618250000015,28.67420262500001,27.373423874999997,37.96477399999981,0,578560,185672,15.2385635,0.7652855000000001,75.728,1190777,609,19535,198.30515450000001,213.882849,,False,,5.0,66.3664459374998,30.77447031249999,28.5499718359375,28.410940681152344,,,,,,,,
pir-cold-search-screen-v1,singlepass,16,json-tags,2,2,8,4,1,96,1024,1,5,80,54.04675143749998,53.51976062500004,54.55774975,52.6885290625,66.92513399999939,0,1118720,320712,20.0636395,0.8410869999999999,80.362,2271097,608,36415,227.43259849999998,235.213483,,False,,5.0,120.97188543749937,58.22957231249994,54.308177742187475,54.063090581542944,,,,,,,,
pir-cold-search-screen-v1,dense,16,binary-tags,2,4,8,4,1,96,1024,1,5,80,0.9124113749999996,0.8888134374999994,0.9499069375000004,0.1266609375,26.804667000000002,0,462848,72,6.638847500000001,0.5721620000000001,67.3005,98,2376,8067,165.6016175,184.687854,,False,,4.0,27.717078375,2.5877030624999997,1.0171171054687496,0.9189554831542964,,,,,,,,
pir-cold-search-screen-v1,dense,16,json-tags,2,4,8,4,1,96,1024,1,5,80,1.1668806249999994,1.1563712499999994,1.177503187499999,0.12351725,46.77216400000002,0,891904,72,6.6174475,0.5988505,67.263,98,2376,14768,165.351626,171.371915,,False,,4.0,47.939044625000015,4.090140875,1.3495843906249996,1.178299610351562,,,,,,,,
pir-cold-search-screen-v1,singlepass,16,binary-tags,2,4,8,4,1,96,1024,1,5,80,24.05858243749999,23.796171375,24.327385,22.889380999999997,27.968858999999952,0,462848,132168,11.954804,0.662127,72.42949999999999,939199,483,30092,192.26944350000002,199.294603,,False,,4.0,52.027441437499945,25.806636124999986,24.167835792968738,24.065410772216786,,,,,,,,
pir-cold-search-screen-v1,singlepass,16,json-tags,2,4,8,4,1,96,1024,1,5,80,43.055309437499986,42.82237656249999,43.140164625000004,41.333012374999996,48.883253000000195,0,891904,239432,14.579694499999999,0.753573,74.9915,1797311,483,56908,212.86561849999998,219.358308,,False,,4.0,91.93856243750018,46.11051275,43.246259644531236,43.06724382543944,,,,,,,,
pir-cold-search-screen-v1,dense,16,binary-tags,2,16,8,4,1,96,1024,1,5,80,0.7379985625000001,0.7201330625000003,0.7388654375000002,0.12880925000000001,15.733882999999999,0,231424,73,6.6950145,0.333101,67.33949999999999,99,292,14876,166.048757,184.680609,,False,,2.0,16.4718815625,1.72136625,0.79945904296875,0.7418398425292969,,,,,,,,
pir-cold-search-screen-v1,dense,16,json-tags,2,16,8,4,1,96,1024,1,5,80,1.0435239374999994,1.0045105000000005,1.0531836249999995,0.118615375,25.33951199999999,0,443776,73,6.622523,0.3915035,67.017,99,292,28152,165.226518,172.296183,,False,,2.0,26.383035937499987,2.627243437499999,1.1425064062499994,1.0497103417968743,,,,,,,,
pir-cold-search-screen-v1,singlepass,16,binary-tags,2,16,8,4,1,96,1024,1,5,80,12.077794687500004,11.996083749999999,12.158608687500001,10.554535125000001,15.632839999999959,0,231424,59977,8.645052,0.4457105,68.91999999999999,464704,224,58437,178.6340185,183.996655,,False,,2.0,27.71063468749996,13.054847187500002,12.138860468750003,12.081611298828129,,,,,,,,
pir-cold-search-screen-v1,singlepass,16,json-tags,2,16,8,4,1,96,1024,1,5,80,21.496438437499986,21.3403236875,21.61211518749999,19.0235983125,25.94189599999993,0,443776,113065,10.295949499999999,0.5871930000000001,70.40449999999998,889408,223,111523,187.8482565,202.785437,,False,,2.0,47.43833443749992,23.11780693749998,21.597773968749987,21.502771908203112,,,,,,,,
pir-cold-search-screen-v1,dense,16,binary-tags,2,2,8,4,1,32,16384,1,5,80,8.075139999999992,5.778046187499991,8.300338625000007,0.129192,423.63857199999995,0,5619712,72,6.6209275000000005,1.623559,68.03899999999999,98,201278,4223,173.3996575,180.570028,,False,,7.0,431.71371199999993,34.55255074999999,9.729978171874992,8.17856738574218,,,,,,,,
pir-cold-search-screen-v1,dense,16,json-tags,2,2,8,4,1,32,16384,1,5,80,15.273149812500003,11.469726750000016,16.110270062500003,0.126934625,785.865524,0,10608640,73,6.699816500000001,1.774821,68.405,99,201278,6650,181.997798,193.445704,,False,,7.0,801.1386738125001,64.38974506250001,18.342937015625004,15.465011512695316,,,,,,,,
pir-cold-search-screen-v1,singlepass,16,binary-tags,2,2,8,4,1,32,16384,1,5,80,293.8565759375002,289.4104040000002,300.26500000000044,292.7395143750004,482.644171999993,0,5619712,2322504,136.5138045,1.0378565,196.92849999999999,11990393,961,13064,561.878559,584.412761,,False,,7.0,776.5007479374932,324.0218366874998,295.7419047343752,293.9744089873049,,,,,,,,
pir-cold-search-screen-v1,singlepass,16,json-tags,2,2,8,4,1,32,16384,1,5,80,479.3154590000002,478.0323716875003,481.6877793124999,477.95342443750025,826.6906099999978,0,10608640,3569737,185.21549599999997,1.0943565,246.026,21968212,959,22814,779.6780054999999,807.09727,,False,,7.0,1306.006068999998,530.983622125,482.5447191953127,479.5172877622072,,,,,,,,
pir-cold-search-screen-v1,dense,16,binary-tags,2,4,8,4,1,32,16384,1,5,80,1.9430945000000004,1.9086314375,2.0806888125000005,0.12442175,211.79603299999997,0,3211264,73,6.5986695,0.66344,66.80799999999999,99,33096,3976,165.7282485,171.230064,,False,,4.0,213.73912749999997,15.180346562499999,2.7704227539062503,1.994802515869141,,,,,,,,
pir-cold-search-screen-v1,dense,16,json-tags,2,4,8,4,1,32,16384,1,5,80,3.561597875000004,3.0795720624999934,3.7451460000000023,0.1187770625,382.19949399999996,0,6045696,73,6.587971,0.698342,66.95549999999999,99,33096,6749,167.5624525,172.543525,,False,,4.0,385.761091875,27.44906625,5.054564648437504,3.6549082983398478,,,,,,,,
pir-cold-search-screen-v1,singlepass,16,binary-tags,2,4,8,4,1,32,16384,1,5,80,154.14193637500006,152.75328775,155.00433756250013,153.32887006249996,231.8447759999981,0,3211264,1065033,56.9851225,0.6407425,117.055,6637178,526,13734,355.377583,362.410859,,False,,4.0,385.98671237499815,168.63223487499994,155.04758003125005,154.19853910351569,,,,,,,,
pir-cold-search-screen-v1,singlepass,16,json-tags,2,4,8,4,1,32,16384,1,5,80,294.2496010624995,290.08309068750003,295.73739906249995,293.2143952499996,400.97502799999893,0,6045696,1773641,82.51066850000001,0.696727,142.65299999999996,12306041,525,24812,514.246913,524.307836,,False,,4.0,695.2246290624985,319.3105403124994,295.8159097656245,294.3474953564448,,,,,,,,
pir-cold-search-screen-v1,dense,16,binary-tags,2,16,8,4,1,32,16384,1,5,80,1.3818400625,1.3332513750000023,1.4366802500000004,0.13630825,147.69228700000002,0,2408448,74,6.5934194999999995,0.46569649999999996,66.82849999999999,100,4854,10038,165.72780749999998,171.778333,,False,,3.0,149.07412706250003,10.612608000000002,1.95876305859375,1.4178977497558594,,,,,,,,
pir-cold-search-screen-v1,dense,16,json-tags,2,16,8,4,1,32,16384,1,5,80,1.9534956875000011,1.8602639375000058,2.0054159374999987,0.1216365625,263.439892,0,4512768,75,6.629417999999999,0.4999215,66.83349999999999,101,4854,18258,167.131392,177.652814,,False,,3.0,265.39338768749997,18.4184889375,2.982557765625001,2.0178120673828137,,,,,,,,
pir-cold-search-screen-v1,singlepass,16,binary-tags,2,16,8,4,1,32,16384,1,5,80,120.95055256250004,119.8679918749999,121.46514124999997,119.7408399375,151.43226000000004,0,2408448,651338,28.793215,0.5683130000000001,89.0565,4857228,366,38535,302.20205450000003,307.502168,,False,,3.0,272.3828125625001,130.41506881250004,121.54208482812504,120.98752332910159,,,,,,,,
pir-cold-search-screen-v1,singlepass,16,json-tags,2,16,8,4,1,32,16384,1,5,80,201.20906731250014,200.96702087499995,204.31874787500013,199.40429975000004,267.35423699999774,0,4512768,1177419,42.298965,0.7013944999999999,102.7815,9065871,366,71406,393.6575155,421.6986,,False,,3.0,468.56330431249785,217.918707125,202.2534198007814,201.27433934301772,,,,,,,,
pir-cold-search-screen-v1,dense,16,binary-tags,2,2,8,4,1,96,16384,1,5,80,15.944617875000016,13.69694943750003,16.53012087499998,0.128407875,743.8530889999998,0,12959744,73,6.65909,1.788862,68.271,99,201278,7798,182.5196095,189.425242,,False,,7.0,759.7977068749999,62.4354359375,18.850294003906267,16.126222633056656,,,,,,,,
pir-cold-search-screen-v1,dense,16,json-tags,2,2,8,4,1,96,16384,1,5,80,27.302194500000045,26.663829437500016,28.34044399999995,0.133533625,1485.0830759999994,0,25288704,73,6.569184,1.792649,67.7065,99,201278,13831,192.874476,198.264593,,False,,7.0,1512.3852704999995,120.11988675,33.103300265625045,27.664763610351606,,,,,,,,
pir-cold-search-screen-v1,singlepass,16,binary-tags,2,2,8,4,1,96,16384,1,5,80,611.1957271874998,607.652629687499,614.1645583750001,609.70459025,795.8429730000025,0,12959744,4157513,188.57973800000002,1.0680580000000002,249.26349999999996,26670431,958,27396,912.2227255,936.288646,,False,,7.0,1407.0387001875024,660.9359129999999,614.304488800781,611.3900247883298,,,,,,,,
pir-cold-search-screen-v1,singlepass,16,json-tags,2,2,8,4,1,96,16384,1,5,80,1264.2755916875024,1254.105231375001,1269.0699806249984,1262.2980097500026,1559.3790330000265,0,25288704,7239753,305.64302299999997,1.1662915,366.6015,51328420,959,51485,1649.3755565000001,1726.696459,,False,,7.0,2823.6546246875287,1361.736781250004,1270.3669160351587,1264.656299459231,,,,,,,,
pir-cold-search-screen-v1,dense,16,binary-tags,2,4,8,4,1,96,16384,1,5,80,4.241457750000006,3.3763085000000004,4.3345364374999935,0.1347810625,385.2330290000001,0,7405568,73,6.60754,0.6865325,66.9695,99,33096,8077,167.7364705,175.715671,,False,,4.0,389.4744867500001,28.318522062500012,5.746274269531256,4.335508782470709,,,,,,,,
pir-cold-search-screen-v1,dense,16,json-tags,2,4,8,4,1,96,16384,1,5,80,7.814639812500005,6.604066562499997,8.323195124999996,0.1350815625,723.5984080000001,0,14434304,73,6.628124,0.7729485,67.1875,99,33096,14936,172.4651325,197.513718,,False,,4.0,731.4130478125,53.03954031250001,10.641196093750004,7.99129958007813,,,,,,,,
pir-cold-search-screen-v1,singlepass,16,binary-tags,2,4,8,4,1,96,16384,1,5,80,373.9187311875002,370.04468493750034,377.8638818750002,372.751556125,398.60946299999614,0,7405568,2113609,84.8656395,0.681644,145.144,15025784,525,30121,595.614224,608.676714,,False,,4.0,772.5281941874964,398.831822625,375.47579940234397,374.01604795092794,,,,,,,,
pir-cold-search-screen-v1,singlepass,16,json-tags,2,4,8,4,1,96,16384,1,5,80,660.8435729375001,660.6281079999997,667.1937154374997,659.1524532500003,739.916412000015,0,14434304,3870793,142.490629,0.8023695,202.742,29083236,525,57575,926.402294,936.137231,,False,,4.0,1400.7599849375151,707.088348687501,663.7338714218752,661.0242165927735,,,,,,,,
pir-cold-search-screen-v1,dense,16,binary-tags,2,16,8,4,1,96,16384,1,5,80,2.2667296875000025,2.1805275625000053,2.405453250000001,0.1322943125,281.925141,0,5554176,75,6.579205,0.4958085,66.9195,101,4854,22326,166.78425099999998,171.971497,,False,,3.0,284.1918706875,19.887051000000003,3.3679997695312522,2.3355590676269555,,,,,,,,
pir-cold-search-screen-v1,dense,16,json-tags,2,16,8,4,1,96,16384,1,5,80,3.6030255624999965,3.543603750000013,4.074806312500008,0.1352148125,522.9874200000002,0,10804224,75,6.6218445,0.5929545,66.96350000000001,101,4854,42838,168.179946,172.994375,,False,,3.0,526.5904455625001,36.289739312500004,5.645945171874997,3.730708038085934,,,,,,,,
pir-cold-search-screen-v1,singlepass,16,binary-tags,2,16,8,4,1,96,16384,1,5,80,268.36405381249995,267.98233737499993,271.22619424999993,266.0714203124999,288.2118820000014,0,5554176,1437771,49.4303105,0.7059245000000001,109.49499999999999,11148685,366,87676,466.649741,479.98635,,False,,3.0,556.5759358125014,286.37729643750004,269.48988147656246,268.4344180415039,,,,,,,,
pir-cold-search-screen-v1,singlepass,16,json-tags,2,16,8,4,1,96,16384,1,5,80,472.8235536874997,471.51801856250006,482.17709775000003,469.0246160624999,537.4231820000005,0,10804224,2750283,87.666501,0.9650730000000001,148.378,21648783,366,169716,704.138861,728.332467,,False,,3.0,1010.2467356875002,506.41250256249975,474.9228629921872,472.9547605190427,,,,,,,,
pir-cold-search-screen-v1,dense,16,binary-tags,2,2,8,4,1,32,65536,1,5,80,35.634016750000036,34.160031375000045,40.56032956250006,0.141885625,1946.9299539999993,0,22478848,73,6.726776,4.36017,71.5735,99,803390,4223,207.875715,256.687167,,False,,7.0,1982.5639707499993,157.31713887499998,43.23921188281253,36.109341445800816,,,,,,,,
pir-cold-search-screen-v1,dense,16,json-tags,2,2,8,4,1,32,65536,1,5,80,60.96326399999985,57.71114587499999,61.401277874999856,0.1346888125,3414.9470220000003,0,42434560,74,6.6743565,4.400665500000001,71.09,100,803390,6700,231.89550450000002,253.291002,,False,,7.0,3475.9102860000003,274.3974528749999,74.30290080468735,61.796991300292824,,,,,,,,
pir-cold-search-screen-v1,singlepass,16,binary-tags,2,2,8,4,1,32,65536,1,5,80,1266.7240125624996,1264.4876232500044,1281.1959404999961,1265.511756124999,2125.905970999913,0,22478848,9289801,504.7884925,1.0569055,568.2705,47961213,991,13087,1834.56078,1977.197962,,False,,7.0,3392.6299835624122,1399.5931357499942,1275.028332761718,1267.2430325749508,,,,,,,,
pir-cold-search-screen-v1,dense,16,binary-tags,2,4,8,4,1,32,65536,1,5,80,19.829257562500015,19.282288375,21.164423687500015,0.1280855,1277.3279449999998,0,19267584,74,6.582153,2.227936,68.17099999999999,100,295404,5976,187.141433,194.69913,,False,,6.0,1297.1572025624998,99.662254125,24.818819847656265,20.14110520532228,,,,,,,,
pir-cold-search-screen-v1,dense,16,json-tags,2,4,8,4,1,32,65536,1,5,80,33.09283943750002,32.7223771875,34.88098531250001,0.128298875,2379.040067000001,0,36274176,74,6.6175615,2.452222,68.78899999999999,100,295404,10126,201.874909,210.03402,,False,,6.0,2412.132906437501,181.78284362500005,42.385964699218775,33.67365976635744,,,,,,,,
pir-cold-search-screen-v1,singlepass,16,binary-tags,2,4,8,4,1,32,65536,1,5,80,935.5024106875003,928.5372709374975,950.143860625001,934.2522987500006,1432.8022399999845,0,19267584,6389834,311.148961,0.9326650000000001,371.9325,39822448,841,20610,1335.4844175,1403.987563,,False,,6.0,2368.304650687485,1025.0525506874992,941.0992944375002,935.8522159218753,,,,,,,,
pir-cold-search-screen-v1,dense,16,binary-tags,2,16,8,4,1,32,65536,1,5,80,4.334096125000007,3.4220888125000095,4.7493205625,0.1330125625,611.852926,0,9633792,74,6.5534735,0.522609,67.0625,100,18678,10041,171.026274,247.447401,,False,,3.0,616.187022125,42.57490400000001,6.7241466171875075,4.483474280761726,,,,,,,,
pir-cold-search-screen-v1,dense,16,json-tags,2,16,8,4,1,32,65536,1,5,80,6.245958249999989,6.0709954374999935,6.491783624999997,0.1242558125,1108.9608049999997,0,18100224,75,6.6857495,0.6200654999999999,67.44749999999999,101,18678,18306,173.6569715,185.113031,,False,,3.0,1115.2067632499998,75.55600856249997,10.577836394531237,6.516700634033191,,,,,,,,
pir-cold-search-screen-v1,singlepass,16,binary-tags,2,16,8,4,1,32,65536,1,5,80,485.61698275000026,483.5434828125003,488.24143587500026,484.3685221250003,620.8688400000001,0,9633792,2605130,98.786046,0.5698165,158.9125,19428594,393,38530,718.2925359999999,733.974174,,False,,3.0,1106.4858227500004,524.4212852500002,488.04225165625024,485.76856205664086,,,,,,,,
pir-cold-search-screen-v1,singlepass,16,json-tags,2,16,8,4,1,32,65536,1,5,80,812.0324327499995,808.5947635,821.0760463750003,810.1541171874998,1136.4287390000045,0,18100224,4721739,155.0048285,0.7145505,215.43599999999998,36361443,393,71601,1092.6374785,1109.291822,,False,,3.0,1948.461171750004,883.0592289374998,816.4716075117183,812.309881172607,,,,,,,,
pir-cold-search-screen-v1,dense,16,binary-tags,2,2,8,4,1,96,65536,1,5,80,60.59651981250002,59.33577887499996,60.89434381249988,0.1508921875,3603.303036999998,0,51838976,74,6.642706499999999,5.0348489999999995,71.34100000000001,100,803390,7849,229.987225,261.31387,,False,,7.0,3663.899556812498,285.80295962499986,74.67192230078126,61.4762324680176,,,,,,,,
pir-cold-search-screen-v1,dense,16,binary-tags,2,4,8,4,1,96,65536,1,5,80,36.138348250000014,35.50393543749999,38.81436712500003,0.135944375,2528.548532999999,0,44433408,74,6.604016,2.5699155,69.0745,100,295404,12119,205.754186,241.939316,,False,,6.0,2564.6868812499993,194.17263156249996,46.01549095703126,36.755669669189466,,,,,,,,
pir-cold-search-screen-v1,dense,16,binary-tags,2,16,8,4,1,96,65536,1,5,80,7.726030062499995,7.276583062500018,8.790408500000025,0.126222,1188.735256,0,22216704,75,6.6050355,0.676949,67.34,101,18678,22332,174.98236,224.144409,,False,,3.0,1196.4612860625,82.0219835625,12.369527156249994,8.01624863085937,,,,,,,,
pir-cold-search-screen-v1,dense,16,json-tags,2,16,8,4,1,96,65536,1,5,80,11.946587249999995,11.72480031249998,12.854852937500038,0.1319079375,2320.6479120000004,0,43266048,75,6.6321075,0.9447785,67.377,101,18678,42888,178.49406299999998,215.266621,,False,,3.0,2332.5944992500004,156.98708175000002,21.011618156249995,12.51315168164062,,,,,,,,
pir-cold-search-screen-v1,singlepass,16,binary-tags,2,16,8,4,1,96,65536,1,5,80,1084.149112374999,1082.4953390625008,1088.3440110624992,1081.837336249999,1237.3120480000107,0,22216704,5750859,178.20169750000002,0.7205985,238.89549999999997,44594402,393,87681,1384.4944125,1405.188755,,False,,3.0,2321.46116037501,1161.4811153749997,1088.982362562499,1084.4511905117179,,,,,,,,
pir-cold-search-screen-v1,dense,16,posting,2,4,4,4,1,32,256,1,5,80,0.3375254375000001,0.3087578125,0.3418073125,0.1346926875,9.716279999999998,0,81567,37,6.6667375,0.16142600000000001,66.767,59,342,843,163.911633,169.829683,,False,,1.0,10.053805437499998,0.9447929374999999,0.37547965625000007,0.3398975761718751,,,,,,,,
pir-cold-search-screen-v1,singlepass,16,posting,2,4,4,4,1,32,256,1,5,80,4.149470624999999,4.074411249999998,4.178541750000001,3.949307374999999,10.697659000000002,0,81567,28804,8.203121,0.16737649999999998,68.03450000000001,169954,120,2834,169.312252,173.31421,,False,,1.0,14.847129625,4.818074312499999,4.191258355468749,4.1520823581542965,,,,,,,,
pir-cold-search-screen-v1,dense,16,posting,2,4,4,4,1,32,1024,1,5,80,0.36603700000000017,0.35005143750000006,0.38663074999999997,0.1156123125,29.925801999999994,0,333987,38,6.6090085,0.1649015,66.52599999999998,60,1110,858,164.00453199999998,168.622425,,False,,1.0,30.291838999999992,2.236399625,0.48293466406250013,0.3733431040039064,,,,,,,,
pir-cold-search-screen-v1,singlepass,16,posting,2,4,4,4,1,32,1024,1,5,80,15.488648562499998,15.433137437500006,15.638349,15.286815499999998,31.97980899999999,0,333987,116489,12.401024,0.16302299999999997,72.0845,694951,122,2899,183.00250799999998,192.199694,,False,,1.0,47.468457562499985,17.487386625,15.613569691406248,15.496456133056638,,,,,,,,
pir-cold-search-screen-v1,dense,16,hash,2,4,4,4,1,32,256,1,5,80,0.5971474999999999,0.5918816249999997,0.6054985625000002,0.1224763125,7.087632000000002,0,43290,87,6.631133,0.427637,66.71799999999999,117,450,4617,165.05338999999998,169.43333,,False,,3.0,7.684779500000002,1.0401245000000001,0.6248335625,0.59887787890625,,,,,,,,
pir-cold-search-screen-v1,singlepass,16,hash,2,4,4,4,1,32,256,1,5,80,2.936358437499999,2.893116249999998,2.9753854374999995,2.22990475,7.388657000000002,0,43290,13188,7.2771285,0.48639600000000005,67.564,88479,335,16851,167.8999035,174.78339,,False,,3.0,10.325015437500001,3.3981494999999993,2.965220378906249,2.9381623088378896,,,,,,,,
pir-cold-search-screen-v1,dense,16,hash,2,4,4,4,1,32,1024,1,5,80,0.70612725,0.6851418125000007,0.7372242499999997,0.1189720625,20.157846000000006,0,259056,87,6.644696,0.440589,67.416,117,1026,6668,165.041153,181.561733,,False,,3.0,20.863973250000008,1.9659926250000004,0.7848688359375,0.7110485991210937,,,,,,,,
pir-cold-search-screen-v1,singlepass,16,hash,2,4,4,4,1,32,1024,1,5,80,13.148038000000001,13.028111499999996,13.316318562500003,12.241764562499995,21.29418199999995,0,259056,73359,9.4739805,0.5124295,70.0615,525004,352,25065,181.0919135,196.577869,,False,,3.0,34.44221999999995,14.478924374999998,13.231218398437502,13.153236774902345,,,,,,,,
pir-cold-search-screen-v1,dense,16,radix,2,4,4,4,1,32,256,1,5,80,0.8252063749999998,0.8174971875,0.841292875,0.12692075,5.362171999999999,0,24206,82,6.670624500000001,0.45518349999999996,67.2295,112,282,15906,165.4810975,177.912139,,False,,3.0,6.187378374999999,1.1603421249999997,0.8461523593749998,0.8265154990234373,,,,,,,,
pir-cold-search-screen-v1,singlepass,16,radix,2,4,4,4,1,32,256,1,5,80,2.9207513125,2.8486870625000003,2.9222932500000005,1.3194756874999995,5.545811999999998,0,24206,6772,6.9868495,0.5891375,67.8135,48863,306,62022,168.5150245,173.259827,,False,,3.0,8.466563312499998,3.2673645625,2.942414640625,2.9221052705078128,,,,,,,,
pir-cold-search-screen-v1,dense,16,radix,2,4,4,4,1,32,1024,1,5,80,0.8470759375000001,0.8245033125,0.9011241875,0.117059125,10.476989999999997,0,91420,83,6.63535,0.45585,66.794,113,354,16290,165.13302149999998,172.921433,,False,,3.0,11.324065937499997,1.5018878125,0.8880016796875001,0.8496337963867189,,,,,,,,
pir-cold-search-screen-v1,singlepass,16,radix,2,4,4,4,1,32,1024,1,5,80,5.9681580625,5.948310249999998,6.024907562500001,4.320404687500001,10.693662000000032,0,91420,24743,7.628316,0.5995820000000001,68.0835,183955,327,63557,171.431327,176.124285,,False,,3.0,16.66182006250003,6.636511937500002,6.0099301796875,5.970768819824219,,,,,,,,
pir-cold-search-screen-v1,dense,16,authenticated,1,4,4,4,1,32,256,1,5,80,3.6178068750000008,3.595300312500003,3.6561991875000013,0.1229389375,52.06057799999993,0,524288,169,6.6401765,3.145648,69.92099999999999,205,24332,27120,171.40266400000002,177.513662,,False,,22.0,55.67838487499993,6.871592999999996,3.8211685078125006,3.630516977050782,,,,,,,,
pir-cold-search-screen-v1,singlepass,16,authenticated,1,4,4,4,1,32,256,1,5,80,27.655132312500015,27.570869562499983,28.002473812499982,23.03349625,53.88410200000038,0,524288,164009,14.609994499999999,3.4383725,77.542,1075591,2661,96509,201.11832950000002,206.138708,,False,,22.0,81.5392343125004,31.02288868750004,27.865617085937515,27.668287610839858,,,,,,,,
pir-cold-search-screen-v1,dense,16,authenticated,1,4,4,4,1,32,1024,1,5,80,6.385620374999996,6.348029625000001,6.627656749999995,0.1353813125,184.2251600000001,0,2097152,169,6.5857105,3.9440755,70.255,205,108628,32077,174.47588000000002,181.198283,,False,,26.0,190.6107803750001,17.899692875000003,7.1052499062499965,6.430597220703121,,,,,,,,
pir-cold-search-screen-v1,singlepass,16,authenticated,1,4,4,4,1,32,1024,1,5,80,97.3791502500001,96.64510568750008,98.3393011875002,91.83013950000003,192.81169999999656,0,2097152,655529,37.800259,4.1225594999999995,101.38399999999999,4301786,3352,114208,288.3214585,294.699713,,False,,26.0,290.19085024999663,109.42988149999988,98.13232095312509,97.42622341894541,,,,,,,,
pir-cold-search-screen-v1,dense,16,binary-patricia,2,1,8,4,1,32,1024,1,5,80,1.5055427499999998,1.4883255625000005,1.5200952499999991,0.1138120625,18.002345999999996,0,127032,70,6.65138,1.2809499999999998,67.83850000000001,98,3980,10126,166.94002749999999,172.59907,,False,,10.0,19.507888749999996,2.6306893749999993,1.5758644140624998,1.5099378540039061,,,,,,,,
pir-cold-search-screen-v1,dense,16,binary-patricia,2,2,8,4,1,32,1024,1,5,80,1.010088125,0.9611031250000002,1.0283826249999997,0.1459849375,12.667693000000002,0,85023,69,6.6061595,0.792246,67.3365,97,1764,6066,165.3344055,181.020539,,False,,6.0,13.677781125000001,1.8018189375000002,1.05957130078125,1.0131808234863282,,,,,,,,
pir-cold-search-screen-v1,dense,16,binary-patricia,2,4,8,4,1,32,1024,1,5,80,0.7182860625000005,0.7060269375000002,0.7384636249999998,0.128826375,10.235827,0,68340,69,6.624969,0.533087,66.9925,97,1016,4046,165.069646,169.761494,,False,,4.0,10.954113062500001,1.3580252500000005,0.7582697617187505,0.7207850437011724,,,,,,,,
pir-cold-search-screen-v1,dense,16,binary-patricia,2,8,8,4,1,32,1024,1,5,80,0.8607811874999997,0.8512226250000005,0.8804305624999998,0.1270259375,19.322512000000003,0,328320,70,6.6288155,0.433237,67.22149999999999,98,726,12936,165.6943035,169.880486,,False,,3.0,20.183293187500002,2.0684381875,0.9362597499999996,0.8654985976562497,,,,,,,,
pir-cold-search-screen-v1,dense,16,binary-patricia,2,1,8,4,1,32,16384,1,5,80,3.9599566875000023,3.860965312500002,3.985838874999999,0.1096010625,206.1325030000001,0,2035326,72,6.624518999999999,2.0118095,68.5935,100,72044,14194,170.42550599999998,177.665695,,False,,14.0,210.0924596875001,16.84323812500001,4.765161777343753,4.010282005615236,,,,,,,,
pir-cold-search-screen-v1,dense,16,binary-patricia,2,2,8,4,1,32,16384,1,5,80,2.0683024374999968,2.0472952499999995,2.0907407499999993,0.1342844375,134.40983800000006,0,1357353,70,6.608769499999999,1.120672,67.7355,98,27696,8111,168.35863899999998,172.695552,,False,,8.0,136.47814043750006,10.4689173125,2.593340867187497,2.1011173393554654,,,,,,,,
pir-cold-search-screen-v1,dense,16,binary-patricia,2,4,8,4,1,32,16384,1,5,80,1.3237658124999998,1.306093624999999,1.3300178125,0.1285531875,103.73605800000001,0,1086204,70,6.643168,0.6990814999999999,67.399,98,13930,5070,166.307954,175.815766,,False,,5.0,105.05982381250001,7.8072694375000005,1.7289847890624999,1.3490919985351562,,,,,,,,
pir-cold-search-screen-v1,dense,16,binary-patricia,2,8,8,4,1,32,16384,1,5,80,2.2284459374999934,2.0935091874999996,2.2896913750000003,0.1382411875,263.1681639999999,0,5217210,71,6.5597885,0.4645555,66.63,99,7878,12942,165.8968645,171.861687,,False,,3.0,265.3966099374999,18.676456187499987,3.2564465781249927,2.292695977539056,,,,,,,,
pir-cold-finite-screen-v1,dense,8,binary-tags,2,4,8,4,1,32,256,1,5,40,0.702180875,0.6652378750000001,0.708712875,0.116984375,6.499385999999999,0,50176,71,6.615119,0.548646,67.042,97,840,3964,165.868866,172.598488,,False,,4.0,7.201566874999999,1.1083925,0.7275691015625,0.7037676391601563,,,,,,,,
pir-cold-finite-screen-v1,finite,8,binary-tags,2,4,8,4,1,32,256,1,5,40,1.675144249999991,1.637577749999999,1.8170068750000015,0.41838187500000157,124.33993300000003,0,50176,2483,6.8053345,1.06303,68.2545,356,271,210934,168.2409815,174.368432,,False,,4.0,126.01507725000002,9.446390062499994,2.160847113281241,1.705500678955069,,,,,,,,
pir-cold-finite-screen-v1,dense,8,json-tags,2,4,8,4,1,32,256,1,5,40,0.7572241249999998,0.7360801250000002,0.7754160000000002,0.129881875,8.863481,0,90368,71,6.6939329999999995,0.5769005,68.0255,97,840,6476,166.7853465,181.566346,,False,,4.0,9.620705125,1.3111916874999998,0.7918470976562498,0.7593880607910154,,,,,,,,
pir-cold-finite-screen-v1,finite,8,json-tags,2,4,8,4,1,32,256,1,5,40,2.6817028750000045,2.5874064999999917,2.7992768750000065,0.40665649999999914,211.52551199999994,0,90368,2483,6.8388375,1.500354,68.53899999999999,359,270,379243,168.6160215,175.270663,,False,,4.0,214.20721487499995,15.902047375,3.5079744062500042,2.7333448457031295,,,,,,,,
pir-cold-finite-screen-v1,dense,8,binary-tags,2,4,8,4,1,32,1024,1,5,40,0.7592388749999998,0.7388046249999999,0.7880166250000001,0.129490125,16.164103,0,200704,72,6.633770500000001,0.5644955,67.5315,98,2376,3964,166.09623299999998,171.277691,,False,,4.0,16.923341875000002,1.7694953124999997,0.8223799023437498,0.7631851892089841,,,,,,,,
pir-cold-finite-screen-v1,finite,8,binary-tags,2,4,8,4,1,32,1024,1,5,40,6.897991249999986,6.3778556250000324,7.564179499999987,0.4367412500000044,522.9978809999998,0,200704,13680,6.988486999999999,4.759029,72.07900000000001,362,272,1186230,174.29179499999998,190.595521,,False,online-wire,4.0,529.8958722499998,39.585358812499976,8.940951722656235,7.025676279541002,,,,,,,,
pir-cold-finite-screen-v1,dense,8,json-tags,2,4,8,4,1,32,1024,1,5,40,0.8483611249999996,0.82421975,0.9004907499999997,0.12758387499999999,25.938295000000004,0,367616,72,6.7332275,0.5800455,68.03649999999999,98,2376,6571,167.489304,172.406788,,False,,4.0,26.786656125000004,2.4695045625,0.9496825898437496,0.854693716552734,,,,,,,,
pir-cold-finite-screen-v1,finite,8,json-tags,2,4,8,4,1,32,1024,1,5,40,9.777734624999997,9.713574000000037,10.385567624999995,0.42843124999999255,819.2657780000002,0,367616,13680,6.965098,8.514307,75.71199999999999,362,272,2172055,181.894565,206.211613,,False,online-wire,4.0,829.0435126250002,60.981845750000005,12.977991570312497,9.977750684082029,,,,,,,,
pir-cold-finite-screen-v1,dense,8,binary-tags,2,4,8,4,1,32,4096,1,5,40,0.9974226250000005,0.9845278749999994,1.037507374999999,0.132287625,54.280475,0,802816,73,6.688822,0.5826705000000001,67.6685,99,8520,3970,167.343478,179.60909,,False,,4.0,55.277897625,4.3899523125,1.2094557304687505,1.0106746940917972,,,,,,,,
pir-cold-finite-screen-v1,finite,8,binary-tags,2,4,8,4,1,32,4096,1,5,40,7.287326249999999,7.191448624999912,8.026142874999957,0.4033451250000024,1794.146882,0,802816,20809,7.0542305,6.7349535,73.9725,363,280,1807160,179.7217095,187.443395,,False,online-wire,4.0,1801.43420825,119.42150637499999,14.2957125078125,7.72535039111328,,,,,,,,
pir-cold-finite-screen-v1,dense,8,json-tags,2,4,8,4,1,32,4096,1,5,40,1.2671488749999986,1.2586778750000012,1.3265937500000002,0.13391825,95.780144,0,1478656,73,6.6684695000000005,0.6083695,67.4765,99,8520,6616,166.3708015,171.226319,,False,,4.0,97.04729287500001,7.253407874999999,1.6412900624999986,1.2905326992187487,,,,,,,,
pir-cold-finite-screen-v1,finite,8,json-tags,2,4,8,4,1,32,4096,1,5,40,12.881654625000174,12.242424874999962,13.697235375000044,0.40292487499997615,3132.112866999998,0,1478656,20809,7.025271500000001,13.366969000000001,80.482,384,280,3327833,188.6566125,196.454382,,False,online-wire,4.0,3144.994521624998,208.63870881250006,25.116470511718916,13.646330617920094,,,,,,,,
pir-cold-directory-v1,dense,8,directory,2,4,8,4,1,32,1024,1,5,40,0.33627887500000003,0.33040775000000006,0.3572712500000001,0.137269375,6.817220000000001,0,50688,1433,6.625722,0.1872375,67.012,1461,146,1791,170.86701449999998,175.828491,29487104,True,,1.0,7.153498875,0.762355125,0.36290864062500006,0.3379432353515625,,,,,,,,
pir-cold-directory-v1,dense,8,directory,2,16,8,4,1,32,1024,1,5,40,0.42291399999999996,0.41229799999999994,0.44017337500000003,0.13851825,6.4756290000000005,0,50304,411,6.659295999999999,0.2066395,67.11099999999999,439,98,6494,170.657925,177.198981,29491200,True,,1.0,6.898543,0.8276408125,0.44820942578124995,0.4244949641113281,,,,,,,,
pir-cold-directory-v1,dense,8,directory,2,64,8,4,1,32,1024,1,5,40,0.8170189999999999,0.786532125,0.8630215000000001,0.117837,6.395002000000002,0,50208,155,6.6602855000000005,0.3174255,67.493,183,86,25310,171.9835185,177.637665,29528064,True,,1.0,7.212021000000002,1.216706625,0.8419994765625,0.8185802797851562,,,,,,,,
pir-cold-directory-v1,dense,8,directory,2,4,8,4,1,96,1024,1,5,40,0.37548900000000013,0.36161124999999994,0.38593387499999987,0.13400425,9.548906999999998,0,116224,1434,6.673811000000001,0.19715749999999999,67.44149999999999,1462,146,3838,170.818931,177.459604,29483008,True,,1.0,9.924395999999998,0.9722956875,0.4127894179687501,0.377820276123047,,,,,,,,
pir-cold-directory-v1,dense,8,directory,2,16,8,4,1,96,1024,1,5,40,0.5899725,0.5754779999999999,0.60392225,0.125327125,9.326363999999998,0,115840,412,6.729403,0.23342449999999998,67.815,440,98,14686,171.3650165,185.250512,29511680,True,,1.0,9.916336499999998,1.17287025,0.6264036093750001,0.5922494443359375,,,,,,,,
pir-cold-directory-v1,dense,8,directory,2,64,8,4,1,96,1024,1,5,40,1.4485055,1.433662875,1.499767125,0.12298674999999999,9.200184,0,115744,157,6.700574,0.4357265,67.9365,185,86,58076,173.3872795,198.726843,29585408,True,,1.0,10.6486895,2.023517,1.48444371875,1.450751638671875,,,,,,,,
pir-cold-directory-v1,dense,8,directory,2,4,8,4,1,2008,1024,1,5,40,1.7564767499999991,1.7135328750000005,1.847133875,0.133100375,92.845172,0,2074112,1439,6.6033975,0.394469,67.2525,1467,146,65024,171.4711835,197.837252,29593600,True,,1.0,94.60164875000001,7.5592999999999995,2.1191532031249993,1.7791440283203117,,,,,,,,
pir-cold-directory-v1,dense,8,directory,2,16,8,4,1,2008,1024,1,5,40,5.473415000000001,5.440734875,5.552189875,0.12184437499999999,90.421752,0,2073728,416,6.642436,1.333424,68.395,444,98,259424,177.7655085,184.316433,29900800,True,,1.0,95.895167,11.124774500000001,5.826624968750001,5.495490623046876,,,,,,,,
pir-cold-directory-v1,dense,8,directory,2,64,8,4,1,2008,1024,1,5,40,20.905072625,20.742995125,20.99427,0.13007225,95.77735900000002,0,2073632,161,6.598143,5.7209354999999995,72.881,189,86,1037024,195.57255049999998,202.18909,31244288,True,,1.0,116.68243162500002,26.8911575625,21.279202933593748,20.92845576928711,,,,,,,,
pir-cold-directory-v1,dense,8,auth-directory,1,4,8,4,1,32,1024,1,5,40,0.37144412499999985,0.3401071250000002,0.38464125,0.141655125,10.758713,0,121088,2899,6.6490065000000005,0.213001,67.3595,2935,210,2098,170.454862,174.477707,29483008,True,,1.0,11.130157125,1.0438636874999998,0.41347034765624985,0.37407076391601546,,,,,,,,
pir-cold-directory-v1,dense,8,auth-directory,1,16,8,4,1,32,1024,1,5,40,0.38686725000000005,0.3681035000000002,0.44012862499999994,0.13133075,7.437541999999999,0,63808,852,6.705933,0.2180265,67.68950000000001,888,114,4194,171.40378199999998,200.551397,29483008,True,,1.0,7.824409249999999,0.8517136249999999,0.4159201484375,0.3886830561523438,,,,,,,,
pir-cold-directory-v1,dense,8,auth-directory,1,64,8,4,1,32,1024,1,5,40,0.5613630000000001,0.54408575,0.6194611249999998,0.12395824999999999,7.0022199999999994,0,52560,342,6.6980635,0.266752,67.4135,378,90,13346,171.572499,235.229309,29503488,True,,1.0,7.5635829999999995,0.99900175,0.588715421875,0.5630725263671875,,,,,,,,
pir-cold-directory-v1,dense,8,auth-directory,1,4,8,4,1,96,1024,1,5,40,0.3945233750000001,0.3669123750000002,0.48560587499999963,0.140454,13.880840000000001,0,186624,2900,6.6659405,0.2202305,67.9085,2936,210,3122,171.99431199999998,278.264012,29483008,True,,1.0,14.275363375000001,1.2620758750000003,0.44874540625000015,0.39791225195312513,,,,,,,,
pir-cold-directory-v1,dense,8,auth-directory,1,16,8,4,1,96,1024,1,5,40,0.4696548749999999,0.45709162499999995,0.505662125,0.1310315,10.661861000000002,0,129344,855,6.6523425,0.228696,67.601,891,114,8290,171.771476,221.55889,29474816,True,,1.0,11.131515875000002,1.1360211875,0.51130276953125,0.47225786840820305,,,,,,,,
pir-cold-directory-v1,dense,8,auth-directory,1,64,8,4,1,96,1024,1,5,40,0.88238825,0.8751588749999999,0.9440346250000001,0.129968375,9.768964999999998,0,118096,343,6.6856725,0.33286899999999997,67.8105,379,90,29730,173.4487705,177.906631,29536256,True,,1.0,10.651353249999998,1.4929485624999999,0.92054826953125,0.8847732512207032,,,,,,,,
pir-cold-directory-v1,dense,8,auth-directory,1,4,8,4,1,2008,1024,1,5,40,1.185485374999999,1.140438749999999,1.2086701250000014,0.134487875,101.850949,0,2144512,2905,6.6747435,0.33573,67.53999999999999,2941,210,33718,172.81910299999998,180.893252,29523968,True,,1.0,103.036434375,7.551169687499999,1.583340644531249,1.210351329345702,,,,,,,,
pir-cold-directory-v1,dense,8,auth-directory,1,16,8,4,1,2008,1024,1,5,40,3.0372764999999995,3.0029831249999988,3.1333237500000015,0.1253495,97.842939,0,2087232,860,6.722871,0.682175,68.096,896,114,130660,175.2966845,186.91088,29691904,True,,1.0,100.8802155,9.1524601875,3.4194754804687495,3.0611639362792964,,,,,,,,
pir-cold-directory-v1,dense,8,auth-directory,1,64,8,4,1,2008,1024,1,5,40,10.668285625000001,10.621121625,10.733410500000002,0.131447375,98.82925799999998,0,2075984,350,6.653473,3.093828,70.384,386,90,519203,185.0017075,196.656761,30294016,True,,1.0,109.49754362499998,16.84511425,11.054337414062502,10.692413861816407,,,,,,,,
pir-cold-directory-v1,dense,8,directory,2,4,8,4,1,32,16384,1,5,40,0.4930077499999998,0.48553400000000024,0.5116644999999996,0.161628625,69.461796,0,811008,21913,6.7096045,0.3192245,67.291,21941,1106,1792,171.4717865,177.672833,29675520,True,,1.0,69.95480375000001,4.83437,0.7643428906249998,0.5099661962890623,,,,,,,,
pir-cold-directory-v1,dense,8,directory,2,16,8,4,1,32,16384,1,5,40,0.5271238749999991,0.5115923750000003,0.5587457500000002,0.1285595,66.103689,0,804864,5531,6.6620805,0.2307005,67.4785,5559,338,6496,171.543235,179.215012,29515776,True,,1.0,66.630812875,4.658604437499999,0.7853414101562491,0.5432624709472648,,,,,,,,
pir-cold-directory-v1,dense,8,directory,2,64,8,4,1,32,16384,1,5,40,0.8928295000000005,0.8782911249999997,0.9001922500000008,0.120264,63.48236999999999,0,803328,1435,6.712543,0.325591,67.7795,1463,146,25312,173.52570200000002,187.469895,29528064,True,,1.0,64.3751995,4.860477625,1.1408075078125004,0.9083281254882818,,,,,,,,
pir-cold-directory-v1,dense,8,directory,2,4,8,4,1,96,16384,1,5,40,0.6872713750000005,0.6378854999999989,0.7193921249999992,0.17666162500000002,114.057674,0,1859584,21914,6.7909690000000005,0.328612,68.12100000000001,21942,1106,3842,173.980205,206.477153,29679616,True,,1.0,114.744945375,7.815876000000001,1.1328091640625004,0.7151174868164067,,,,,,,,
pir-cold-directory-v1,dense,8,directory,2,16,8,4,1,96,16384,1,5,40,0.7833841250000003,0.7304772499999999,0.8099537499999995,0.140864875,110.30019700000001,0,1853440,5532,6.705921,0.2705335,67.7115,5560,338,14689,173.0188185,183.264418,29528064,True,,1.0,111.08358112500001,7.677146437500001,1.2142442695312503,0.8103128840332035,,,,,,,,
pir-cold-directory-v1,dense,8,directory,2,64,8,4,1,96,16384,1,5,40,1.6362585000000005,1.5930333749999999,1.7062981250000009,0.135174125,107.150801,0,1851904,1437,6.7264435,0.44816500000000004,68.082,1465,146,58078,174.74203899999998,254.990424,29605888,True,,1.0,108.7870595,8.3331835625,2.0548163164062503,1.662418363525391,,,,,,,,
pir-cold-directory-v1,dense,8,directory,2,4,8,4,1,2008,16384,1,5,40,4.191444249999999,4.006455500000008,4.907318375000006,0.170282125,1686.3553510000002,0,33185792,21919,6.861038,0.626973,68.241,21947,1106,65028,177.06181450000003,216.723438,29749248,True,,1.0,1690.54679525,109.58865368750001,10.77876983984375,4.603152099365234,,,,,,,,
pir-cold-directory-v1,dense,8,directory,2,16,8,4,1,2008,16384,1,5,40,7.745965750000016,7.587280375000003,7.896160125000015,0.142259125,1600.8735590000001,0,33179648,5536,6.6228905000000005,1.4181215,68.411,5564,338,259428,180.8827395,185.741318,29966336,True,,1.0,1608.6195247500002,107.80056318750002,13.999378089843766,8.13680402124025,,,,,,,,
pir-cold-directory-v1,dense,8,directory,2,64,8,4,1,2008,16384,1,5,40,23.915568249999968,23.81406624999999,24.25543487500001,0.122667375,1730.313694,0,33178112,1441,6.688246,5.8033245,72.78,1469,146,1037028,200.8367515,221.519981,31252480,True,,1.0,1754.22926225,132.06017412499997,30.674606117187466,24.338008116699186,,,,,,,,
pir-cold-directory-v1,dense,8,auth-directory,1,4,8,4,1,32,16384,1,5,40,0.8323941250000012,0.8248518750000006,0.866072875,0.21186475,157.320615,0,2461696,43860,6.866452000000001,0.501133,67.852,43896,2130,2614,173.41758149999998,185.75339,29880320,True,,1.0,158.153009125,10.6649325625,1.4469277773437512,0.8708024782714856,,,,,,,,
pir-cold-directory-v1,dense,8,auth-directory,1,16,8,4,1,32,16384,1,5,40,0.5408147500000006,0.5305092499999997,0.5593656250000003,0.142556875,85.88442999999998,0,1152000,11094,6.7535745,0.2759595,67.953,11130,594,4708,173.0619785,180.2419,29519872,True,,1.0,86.42524474999998,5.908591625,0.8763008046875005,0.5617826284179693,,,,,,,,
pir-cold-directory-v1,dense,8,auth-directory,1,64,8,4,1,32,16384,1,5,40,0.6590841250000002,0.6546495000000003,0.6861116249999993,0.1341425,73.441436,0,873728,2902,6.697093499999999,0.2947835,67.5025,2938,210,13860,172.14382,177.734906,29515776,True,,1.0,74.100520125,5.249173875,0.9459647343750002,0.6770141630859378,,,,,,,,
pir-cold-directory-v1,dense,8,auth-directory,1,4,8,4,1,96,16384,1,5,40,0.9798890000000016,0.9679216249999993,1.0176190000000012,0.21877125,203.04817300000002,0,3510272,43861,6.8182405,0.500577,68.04,43897,2130,3638,174.0106285,189.875163,29880320,True,,1.0,204.02806200000003,13.670399812500003,1.7730459257812516,1.0294613078613297,,,,,,,,
pir-cold-directory-v1,dense,8,auth-directory,1,16,8,4,1,96,16384,1,5,40,0.7503953749999995,0.6971386249999986,0.7726615000000008,0.15484475,132.596744,0,2200576,11096,6.7367004999999995,0.291463,67.5335,11132,594,8806,173.761272,186.381088,29564928,True,,1.0,133.347139375,9.037691875,1.2683514062499994,0.7827676269531245,,,,,,,,
pir-cold-directory-v1,dense,8,auth-directory,1,64,8,4,1,96,16384,1,5,40,1.087780125000001,1.0671777500000004,1.1123196249999996,0.139369625,116.265804,0,1922304,2903,6.676921500000001,0.35120949999999995,67.553,2939,210,30246,172.6994135,183.480998,29548544,True,,1.0,117.353584125,8.354392875000002,1.541943421875001,1.1161653310546884,,,,,,,,
pir-cold-directory-v1,dense,8,auth-directory,1,4,8,4,1,2008,16384,1,5,40,3.6832549999999933,3.4907928750000154,3.802361749999978,0.216708625,1869.2085310000002,0,34836480,43866,6.8387725,0.6907565,68.11599999999999,43902,2130,34232,176.24811,182.493333,29892608,True,,1.0,1872.8917860000001,120.5087881875,10.984850824218745,4.139604739013665,,,,,,,,
pir-cold-directory-v1,dense,8,auth-directory,1,16,8,4,1,2008,16384,1,5,40,5.150820125000002,4.992412750000016,5.301214624999991,0.139282,1731.7958540000002,0,33526784,11101,6.703723,0.857208,67.72200000000001,11137,594,131176,178.5425555,185.746407,29773824,True,,1.0,1736.9466741250003,113.38806100000001,11.915647679687503,5.573621847167971,,,,,,,,
pir-cold-directory-v1,dense,8,auth-directory,1,64,8,4,1,2008,16384,1,5,40,12.751941375000008,12.676851124999988,15.394331000000014,0.132592,1709.6094589999998,0,33248512,2910,6.677122499999999,3.287328,70.62049999999999,2946,210,519719,188.50784950000002,226.576385,30298112,True,,1.0,1722.361400375,119.60253256249999,19.430103324218756,13.16932649682618,,,,,,,,
pir-cold-directory-v1,dense,8,directory,2,4,8,4,1,32,65536,1,5,40,1.0335849999999989,1.0107047500000024,1.0975628750000013,0.29140025,277.35178,0,3244032,87449,7.073564,0.815053,68.436,87477,4178,1794,175.6771535,189.637708,30580736,True,,1.0,278.38536500000004,18.36807125,2.116990390624999,1.1012978369140614,,,,,,,,
pir-cold-directory-v1,dense,8,directory,2,16,8,4,1,32,65536,1,5,40,0.8479817499999985,0.829968124999997,0.8832311249999992,0.16790775,259.86179100000004,0,3219456,21915,6.748989,0.34331849999999997,67.6745,21943,1106,6498,173.958637,181.586842,29687808,True,,1.0,260.70977275,17.0893436875,1.8630668710937486,0.9114245700683579,,,,,,,,
pir-cold-directory-v1,dense,8,directory,2,64,8,4,1,32,65536,1,5,40,1.1596338749999988,1.1296738750000013,1.260500375,0.1447535,254.979799,0,3213312,5531,6.668136499999999,0.3630215,67.29849999999999,5559,338,25314,174.237064,263.7161,29552640,True,,1.0,256.139432875,17.095871312499998,2.155648714843749,1.2218848024902331,,,,,,,,
pir-cold-directory-v1,dense,8,directory,2,4,8,4,1,96,65536,1,5,40,1.6774822500000008,1.5414297500000016,1.9489482500000053,0.308320375,481.433038,0,7438336,87450,7.1895735,0.848831,69.3185,87478,4178,3842,177.91137500000002,259.584128,30580736,True,,1.0,483.11052025000004,31.767047125,3.558080054687501,1.7950196127929696,,,,,,,,
pir-cold-directory-v1,dense,8,directory,2,16,8,4,1,96,65536,1,5,40,1.3605613749999992,1.3320280000000004,1.445158999999996,0.16030850000000002,449.09928,0,7413760,21916,6.708101,0.3707855,67.39749999999998,21944,1106,14689,174.5619095,187.752928,29720576,True,,1.0,450.459841375,29.429266375,3.1148554374999993,1.4702047539062493,,,,,,,,
pir-cold-directory-v1,dense,8,directory,2,64,8,4,1,96,65536,1,5,40,2.0991959999999996,2.066602624999999,2.1374734999999974,0.1310615,435.3866469999999,0,7407616,5533,6.6581975,0.47112750000000003,67.91149999999999,5561,338,58080,176.0765315,182.520595,29630464,True,,1.0,437.48584299999993,29.310861437499995,3.7999250898437493,2.205491568115234,,,,,,,,
pir-cold-directory-v1,dense,8,auth-directory,1,4,8,4,1,32,65536,1,5,40,2.3165772500000057,2.2013213750000102,2.3638028749999944,0.483495625,675.2259150000001,0,10895360,174932,7.566388,1.4761950000000001,70.23500000000001,174968,8274,2870,178.9285185,184.68125,31334400,True,,1.0,677.5424922500001,44.518196937500015,4.954178480468756,2.481427326904303,,,,,,,,
pir-cold-directory-v1,dense,8,auth-directory,1,16,8,4,1,32,65536,1,5,40,1.1149490000000004,1.1010367499999996,1.2342151249999969,0.22749375,367.789189,0,4870144,43862,6.8468575000000005,0.5144580000000001,67.86599999999999,43898,2130,4966,174.758777,190.667059,29900800,True,,1.0,368.90413800000005,24.1017733125,2.5516255195312505,1.2047412824707036,,,,,,,,
pir-cold-directory-v1,dense,8,auth-directory,1,64,8,4,1,32,65536,1,5,40,0.9528459999999987,0.9250977499999992,1.037163875000001,0.154605375,296.573754,0,3560448,11095,6.795024,0.329799,67.5745,11131,594,14118,174.046636,233.222852,29585408,True,,1.0,297.52660000000003,19.488705624999998,2.111337226562499,1.025251701660155,,,,,,,,
pir-cold-directory-v1,dense,8,auth-directory,1,4,8,4,1,96,65536,1,5,40,2.711033999999998,2.6913176250000093,2.761684874999999,0.473272625,867.252002,0,15089664,174933,7.562381,1.4761294999999999,69.894,174969,8274,3894,178.7738115,189.60274,31297536,True,,1.0,869.963036,56.914284124999995,6.098737132812498,2.922765445800779,,,,,,,,
pir-cold-directory-v1,dense,8,auth-directory,1,16,8,4,1,96,65536,1,5,40,1.5544349999999956,1.5202324999999939,1.640789749999998,0.22349112499999998,560.456219,0,9064448,43864,6.839743,0.534335,67.93950000000001,43900,2130,9062,174.89523,191.766042,29876224,True,,1.0,562.010654,36.5829486875,3.743717105468746,1.6912651315917924,,,,,,,,
pir-cold-directory-v1,dense,8,auth-directory,1,64,8,4,1,96,65536,1,5,40,1.6400447499999982,1.5882242499999968,1.6620008749999988,0.157788875,477.687142,0,7754752,11096,6.7519705000000005,0.3993795,67.5915,11132,594,30501,175.368687,209.975561,29634560,True,,1.0,479.32718675,31.495491124999997,3.506010148437498,1.7566675874023419,,,,,,,,
pir-cold-rss-qualification-v1,dense,4,binary-tags,2,2,8,4,1,32,1024,1,1,4,1.3552197499999996,1.3552197499999996,1.3552197499999996,0.17075774999999999,35.873941,0,250880,71,12.372885,1.182507,125.86099999999999,97,6810,2988,432.487338,445.562724,29433856,True,,5.0,37.22916075,3.5973410625,1.4953523320312496,1.3639780363769527,32,clustered,16,,,,,
pir-cold-rss-qualification-v1,dense,4,json-tags,2,2,8,4,1,32,1024,1,1,4,1.1836117500000005,1.1836117500000005,1.1836117500000005,0.14128525,39.72765199999999,0,463360,72,7.875145,0.833241,86.59649999999999,98,6810,4657,232.050846,236.984059,29511680,True,,5.0,40.91126374999999,3.6665900000000002,1.3387978906250004,1.193310883789063,32,clustered,16,,,,,
pir-cold-rss-qualification-v1,singlepass,4,binary-tags,2,2,8,4,1,32,1024,1,1,4,18.108900000000013,18.108900000000013,18.108900000000013,17.18991125000001,27.134984999999944,0,250880,103751,18.8059035,0.9986809999999999,112.17399999999998,535411,606,9287,299.5462895,325.330585,30449664,True,,5.0,45.243884999999956,19.804836562500007,18.21489603515626,18.115524752197278,32,clustered,16,,,,,
pir-cold-rss-qualification-v1,singlepass,4,json-tags,2,2,8,4,1,32,1024,1,1,4,22.274539499999992,22.274539499999992,22.274539499999992,21.346670749999998,38.61739100000004,0,463360,156872,14.9137265,0.7891375,78.32749999999999,960371,604,15928,208.9360475,210.9274,31166464,True,,5.0,60.89193050000003,24.688126437499996,22.42538868359374,22.283967573974603,32,clustered,16,,,,,
pir-cold-rss-qualification-v1,dense,4,binary-tags,2,4,8,4,1,32,1024,1,1,4,0.7456912499999995,0.7456912499999995,0.7456912499999995,0.10643325,16.615605000000002,0,200704,72,6.566927,0.561566,69.475,98,2376,3963,181.11125750000002,189.252242,29487104,True,,4.0,17.361296250000002,1.7841665624999996,0.8105959570312495,0.7497477941894526,32,clustered,16,,,,,
pir-cold-rss-qualification-v1,dense,4,json-tags,2,4,8,4,1,32,1024,1,1,4,0.8463947500000002,0.8463947500000002,0.8463947500000002,0.14002599999999998,27.144839,0,367616,72,6.8545205,0.5871085,71.144,98,2376,6571,184.4764865,190.216631,29491200,True,,4.0,27.991233750000003,2.5429471875000003,0.9524292773437502,0.8530219079589846,32,clustered,16,,,,,
pir-cold-rss-qualification-v1,singlepass,4,binary-tags,2,4,8,4,1,32,1024,1,1,4,10.915685000000002,10.915685000000002,10.915685000000002,10.1282565,16.17613399999999,0,200704,66632,10.004398,0.617444,71.73649999999999,414909,480,13699,190.8647345,196.933514,30597120,True,,4.0,27.091818999999994,11.926693375000001,10.978873023437501,10.919634251464846,32,clustered,16,,,,,
pir-cold-rss-qualification-v1,singlepass,4,json-tags,2,4,8,4,1,32,1024,1,1,4,19.062378749999993,19.062378749999993,19.062378749999993,18.1054765,26.938470000000024,0,367616,108360,11.705964999999999,0.7178365,74.6475,748734,479,24131,203.168633,208.527286,31670272,True,,4.0,46.00084875000002,20.746033124999997,19.167607148437494,19.068955524902336,32,clustered,16,,,,,
pir-cold-rss-qualification-v1,dense,4,binary-tags,2,16,8,4,1,32,1024,1,1,4,0.54737725,0.54737725,0.54737725,0.130155,9.62175,0,100352,72,6.668554,0.31788150000000004,68.39999999999999,98,292,6685,177.3409135,178.036629,29437952,True,,2.0,10.16912725,1.1487366250000002,0.5849622109375,0.5497263100585937,32,clustered,16,,,,,
pir-cold-rss-qualification-v1,dense,4,json-tags,2,16,8,4,1,32,1024,1,1,4,0.7176842499999999,0.7176842499999999,0.7176842499999999,0.14958875,14.631110999999997,0,181632,73,6.655383499999999,0.3386045,68.64,99,292,11763,176.1566825,188.164482,29483008,True,,2.0,15.348795249999997,1.6321286874999998,0.7748370273437499,0.7212562985839843,32,clustered,16,,,,,
pir-cold-rss-qualification-v1,singlepass,4,binary-tags,2,16,8,4,1,32,1024,1,1,4,5.636644250000001,5.636644250000001,5.636644250000001,4.815008250000001,9.917055999999995,0,100352,27208,8.5533755,0.42058799999999996,76.146,202557,221,25665,200.577796,217.132681,29978624,True,,2.0,15.553700249999995,6.25646025,5.675382750000001,5.63906540625,32,clustered,16,,,,,
pir-cold-rss-qualification-v1,singlepass,4,json-tags,2,16,8,4,1,32,1024,1,1,4,9.125127999999998,9.125127999999998,9.125127999999998,7.965218,15.013008000000006,0,181632,47529,8.916942500000001,0.445789,71.37299999999999,365119,220,45986,191.16357349999998,196.255852,30453760,True,,2.0,24.138136000000003,10.063441,9.183772562499998,9.128793285156249,32,clustered,16,,,,,
pir-cold-rss-qualification-v1,dense,4,binary-tags,2,2,8,4,1,96,1024,1,1,4,1.1139202500000005,1.1139202500000005,1.1139202500000005,0.14608225,39.694789,0,578560,72,7.206887999999999,0.7835835,71.5195,98,6810,5560,190.18276300000002,211.536141,29487104,True,,5.0,40.80870925,3.5948445625000005,1.2689780195312506,1.1236113605957037,32,clustered,16,,,,,
pir-cold-rss-qualification-v1,dense,4,json-tags,2,2,8,4,1,96,1024,1,1,4,1.336203250000005,1.336203250000005,1.336203250000005,0.1218045,66.84256299999997,0,1118720,72,7.0316065,0.7432945,72.24849999999999,98,6810,9779,190.8811335,196.353544,29491200,True,,5.0,68.17876624999998,5.513863437500003,1.5973070117187549,1.3525222351074269,32,clustered,16,,,,,
pir-cold-rss-qualification-v1,singlepass,4,binary-tags,2,2,8,4,1,96,1024,1,1,4,28.808274000000008,28.808274000000008,28.808274000000008,27.755357499999995,36.51978399999996,0,578560,185672,16.026798,0.822301,80.5815,1190776,608,19533,221.213784,239.085056,31612928,True,,5.0,65.32805799999997,31.090760500000005,28.950929406250008,28.817189962890634,32,clustered,16,,,,,
pir-cold-rss-qualification-v1,singlepass,4,json-tags,2,2,8,4,1,96,1024,1,1,4,54.858017750000016,54.858017750000016,54.858017750000016,53.51784575000001,80.27633099999991,0,1118720,320712,21.5845635,0.8739825,89.48899999999999,2271095,602,36412,266.5670635,270.641742,33992704,True,,5.0,135.13434874999993,59.87528843750001,55.17159716796876,54.87761646362306,32,clustered,16,,,,,
pir-cold-rss-qualification-v1,dense,4,binary-tags,2,4,8,4,1,96,1024,1,1,4,0.9406122500000011,0.9406122500000011,0.9406122500000011,0.160058,27.301813999999993,0,462848,72,6.8780275,0.5812470000000001,71.4975,98,2376,8058,187.350036,189.600262,29544448,True,,4.0,28.242426249999994,2.6469756250000005,1.047259960937501,0.9472777319335949,32,clustered,16,,,,,
pir-cold-rss-qualification-v1,dense,4,json-tags,2,4,8,4,1,96,1024,1,1,4,1.2049367500000008,1.2049367500000008,1.2049367500000008,0.1329775,49.495422,0,891904,72,6.528069,0.6095595,68.0205,98,2376,14767,178.89383,181.881579,29450240,True,,4.0,50.70035875,4.298400625000001,1.3982782421875009,1.2170205932617195,32,clustered,16,,,,,
pir-cold-rss-qualification-v1,singlepass,4,binary-tags,2,4,8,4,1,96,1024,1,1,4,22.174039749999988,22.174039749999988,22.174039749999988,21.011833749999997,26.282813000000047,0,462848,132168,11.910028,0.7009460000000001,72.88149999999999,939198,476,30084,201.94268449999998,203.6054,32378880,True,,4.0,48.45685275000004,23.81671556249999,22.276706988281237,22.180456452392566,32,clustered,16,,,,,
pir-cold-rss-qualification-v1,singlepass,4,json-tags,2,4,8,4,1,96,1024,1,1,4,44.65080775000001,44.65080775000001,44.65080775000001,42.99998775,45.42020199999996,0,891904,239432,15.1940135,0.757861,77.20099999999998,1797311,482,56906,229.49781000000002,235.383281,34947072,True,,4.0,90.07100974999997,47.489570375000014,44.82823041406251,44.66189666650392,32,clustered,16,,,,,
pir-cold-rss-qualification-v1,dense,4,binary-tags,2,16,8,4,1,96,1024,1,1,4,0.7659012500000002,0.7659012500000002,0.7659012500000002,0.142022,15.118091999999995,0,231424,73,6.6655775,0.34518899999999997,68.7315,99,292,14876,179.3176905,181.362346,29487104,True,,2.0,15.883993249999996,1.710782,0.8249562968750002,0.7695921904296877,32,clustered,16,,,,,
pir-cold-rss-qualification-v1,dense,4,json-tags,2,16,8,4,1,96,1024,1,1,4,0.9969717500000002,0.9969717500000002,0.9969717500000002,0.1190165,24.386331,0,443776,73,6.649661500000001,0.3800525,68.71000000000001,99,292,28148,179.97699749999998,181.570898,29487104,True,,2.0,25.38330275,2.5211174375,1.09223085546875,1.002925444091797,32,clustered,16,,,,,
pir-cold-rss-qualification-v1,singlepass,4,binary-tags,2,16,8,4,1,96,1024,1,1,4,11.328043499999998,11.328043499999998,11.328043499999998,9.8208685,14.830055000000016,0,231424,59977,8.617199,0.445193,71.315,464702,220,58434,191.0949015,193.958199,30699520,True,,2.0,26.158098500000015,12.254921937499999,11.385973402343748,11.331664118896482,32,clustered,16,,,,,
pir-cold-rss-qualification-v1,singlepass,4,json-tags,2,16,8,4,1,96,1024,1,1,4,20.215753999999993,20.215753999999993,20.215753999999993,17.79491575,23.78513300000003,0,443776,113065,10.1509815,0.5863275,72.0015,889407,220,111519,199.64109150000002,201.923335,31948800,True,,2.0,44.00088700000002,21.702324812499995,20.308664675781245,20.22156091723632,32,clustered,16,,,,,
pir-cold-rss-qualification-v1,dense,4,binary-tags,2,2,8,4,1,32,16384,1,1,4,7.663692000000003,7.663692000000003,7.663692000000003,0.135743,436.50919799999997,0,5619712,72,6.589272,1.6866555,69.49549999999999,98,201278,4219,187.3741725,188.307498,29573120,True,,7.0,444.17289,34.945516875,9.368806054687504,7.7702616284179715,32,clustered,16,,,,,
pir-cold-rss-qualification-v1,dense,4,json-tags,2,2,8,4,1,32,16384,1,1,4,12.060717999999955,12.060717999999955,12.060717999999955,0.1399955,784.9753840000002,0,10608640,73,6.6311425,1.8181155,69.0025,99,201278,6650,192.16319049999998,197.428951,29605888,True,,7.0,797.0361020000001,61.12167949999997,15.127028093749956,12.25236238085933,32,clustered,16,,,,,
pir-cold-rss-qualification-v1,singlepass,4,binary-tags,2,2,8,4,1,32,16384,1,1,4,292.92198699999983,292.92198699999983,292.92198699999983,291.8005409999998,441.5025720000008,0,5619712,2322504,135.460507,1.010708,196.84499999999997,11990279,960,13048,572.791176,576.441367,33116160,True,,7.0,734.4245590000006,320.5158977499999,294.6466064218748,293.029775713867,32,clustered,16,,,,,
pir-cold-rss-qualification-v1,singlepass,4,json-tags,2,2,8,4,1,32,16384,1,1,4,474.85484975,474.85484975,474.85484975,473.50132025,758.4996449999994,0,10608640,3569737,186.7393245,1.0879789999999998,249.055,21968193,958,22797,788.8429025,795.705729,36249600,True,,7.0,1233.3544947499995,522.2610775625,477.8177389882813,475.0400303273926,32,clustered,16,,,,,
pir-cold-rss-qualification-v1,dense,4,binary-tags,2,4,8,4,1,32,16384,1,1,4,2.00715224999999,2.00715224999999,2.00715224999999,0.140091,209.28910000000002,0,3211264,73,6.6336515,0.65811,68.27349999999998,99,33096,3974,179.626798,185.299887,29491200,True,,4.0,211.29625225,15.087720999999991,2.82468779687499,2.0582482216796776,32,clustered,16,,,,,
pir-cold-rss-qualification-v1,dense,4,json-tags,2,4,8,4,1,32,16384,1,1,4,3.042624500000004,3.042624500000004,3.042624500000004,0.132011,383.913871,0,6045696,73,6.570333,0.6963665,68.5315,99,33096,6741,180.8632735,181.50593,29433856,True,,4.0,386.95649549999996,27.0372414375,4.542288058593754,3.1363534724121136,32,clustered,16,,,,,
pir-cold-rss-qualification-v1,singlepass,4,binary-tags,2,4,8,4,1,32,16384,1,1,4,155.63846875000002,155.63846875000002,155.63846875000002,154.81192199999998,219.9453689999999,0,3211264,1065033,57.456794,0.6359805,121.18549999999999,6637105,521,13714,374.4476555,379.698756,32288768,True,,4.0,375.58383774999993,169.38505431250002,156.49763034765627,155.69216634985352,32,clustered,16,,,,,
pir-cold-rss-qualification-v1,singlepass,4,json-tags,2,4,8,4,1,32,16384,1,1,4,286.1098647499998,286.1098647499998,286.1098647499998,285.1557872499999,386.5198010000008,0,6045696,1773641,81.976099,0.6711845000000001,143.868,12305997,521,24798,520.6535985,522.035972,34963456,True,,4.0,672.6296657500006,310.26735231249984,287.6197077226561,286.2042299357908,32,clustered,16,,,,,
pir-cold-rss-qualification-v1,dense,4,binary-tags,2,16,8,4,1,32,16384,1,1,4,1.3956329999999957,1.3956329999999957,1.3956329999999957,0.13799675,144.14290400000002,0,2408448,74,6.6876405,0.470295,69.0465,100,4854,10036,181.01423649999998,183.30749,29466624,True,,3.0,145.53853700000002,10.404564499999996,1.9586912187499959,1.4308241386718707,32,clustered,16,,,,,
pir-cold-rss-qualification-v1,dense,4,json-tags,2,16,8,4,1,32,16384,1,1,4,1.9703840000000035,1.9703840000000035,1.9703840000000035,0.12109825,259.79555999999997,0,4512768,75,6.801755,0.508302,68.20400000000001,101,4854,18255,179.7266705,181.603482,29487104,True,,3.0,261.765944,18.2076065,2.9852104062500033,2.0338106503906284,32,clustered,16,,,,,
pir-cold-rss-qualification-v1,singlepass,4,binary-tags,2,16,8,4,1,32,16384,1,1,4,118.24928624999998,118.24928624999998,118.24928624999998,116.98908599999997,146.135307,0,2408448,651338,29.133498000000003,0.5816345,90.21600000000001,4857212,364,38510,310.5856275,317.196557,35991552,True,,3.0,264.38459324999997,127.38274293749998,118.82012729296873,118.28496381518553,32,clustered,16,,,,,
pir-cold-rss-qualification-v1,singlepass,4,json-tags,2,16,8,4,1,32,16384,1,1,4,197.85650375,197.85650375,197.85650375,196.0040305,262.19427199999984,0,4512768,1177419,42.7272255,0.7110595,107.18449999999999,9065854,364,71388,411.976864,413.163996,41541632,True,,3.0,460.05077574999984,214.24364574999998,198.880700125,197.9205160234375,32,clustered,16,,,,,
pir-cold-rss-qualification-v1,dense,4,binary-tags,2,2,8,4,1,96,16384,1,1,4,15.713012999999982,15.713012999999982,15.713012999999982,0.16445125,757.4890870000002,0,12959744,73,6.6146329999999995,1.6108945000000001,70.44749999999999,99,201278,7796,198.342409,201.663059,29552640,True,,7.0,773.2021000000001,63.05608093749999,18.671954746093732,15.897946859130842,32,clustered,16,,,,,
pir-cold-rss-qualification-v1,dense,4,json-tags,2,2,8,4,1,96,16384,1,1,4,27.885805999999967,27.885805999999967,27.885805999999967,0.122155,1531.8723490000002,0,25288704,73,6.5238005,1.7543380000000002,68.744,99,201278,13826,206.73026099999998,208.983103,29536256,True,,7.0,1559.7581550000002,123.62782781249999,33.869682363281214,28.259798272705044,32,clustered,16,,,,,
pir-cold-rss-qualification-v1,singlepass,4,binary-tags,2,2,8,4,1,96,16384,1,1,4,609.5141360000003,609.5141360000003,609.5141360000003,608.0046820000001,728.2757019999985,0,12959744,4157513,189.3138175,1.045857,252.11899999999997,26670404,957,27385,923.2152265,979.631259,35315712,True,,7.0,1337.7898379999988,655.0313673750003,612.3589629609378,609.691937685059,32,clustered,16,,,,,
pir-cold-rss-qualification-v1,singlepass,4,json-tags,2,2,8,4,1,96,16384,1,1,4,1186.8308447499985,1186.8308447499985,1186.8308447499985,1184.8280087499986,1445.988530000006,0,25288704,7239753,303.7033275,1.14846,366.615,51328391,952,51473,1586.700133,1587.047559,42336256,True,,7.0,2632.8193747500045,1277.2051278749989,1192.4792374453111,1187.1838692934555,32,clustered,16,,,,,
pir-cold-rss-qualification-v1,dense,4,binary-tags,2,4,8,4,1,96,16384,1,1,4,4.200931500000011,4.200931500000011,4.200931500000011,0.10706925,376.91637499999996,0,7405568,73,6.5374265000000005,0.7004630000000001,68.51,99,33096,8076,185.06440550000002,186.159881,29552640,True,,4.0,381.1173065,27.758204937500008,5.673261089843761,4.2929520993652455,32,clustered,16,,,,,
pir-cold-rss-qualification-v1,dense,4,json-tags,2,4,8,4,1,96,16384,1,1,4,6.548498250000044,6.548498250000044,6.548498250000044,0.12843925,713.1085849999998,0,14434304,73,6.832613,0.8073545,69.793,99,33096,14936,189.2813485,196.586635,29462528,True,,4.0,719.6570832499999,51.117784812500034,9.334078660156294,6.722597025634809,32,clustered,16,,,,,
pir-cold-rss-qualification-v1,singlepass,4,binary-tags,2,4,8,4,1,96,16384,1,1,4,366.09441325000023,366.09441325000023,366.09441325000023,364.96408075000005,382.90129899999897,0,7405568,2113609,85.1565495,0.6658945000000001,145.18749999999997,15025759,521,30103,607.113294,614.749144,35815424,True,,4.0,748.9957122499992,390.0257444375002,367.590121449219,366.1878950124514,32,clustered,16,,,,,
pir-cold-rss-qualification-v1,singlepass,4,json-tags,2,4,8,4,1,96,16384,1,1,4,659.5400764999998,659.5400764999998,659.5400764999998,657.8145707499998,743.0931140000002,0,14434304,3870793,142.36846500000001,0.825372,204.5485,29083216,523,57567,940.4707385,942.506097,41021440,True,,4.0,1402.6331905000002,705.9833961249999,662.4427839765623,659.7214957172849,32,clustered,16,,,,,
pir-cold-rss-qualification-v1,dense,4,binary-tags,2,16,8,4,1,96,16384,1,1,4,2.4193944999999974,2.4193944999999974,2.4193944999999974,0.12437175,275.438922,0,5554176,75,6.9494185,0.5210945,70.53899999999999,101,4854,22325,192.942368,203.537417,29470720,True,,3.0,277.8583165,19.634327125,3.4953277890624976,2.4866403305664035,32,clustered,16,,,,,
pir-cold-rss-qualification-v1,dense,4,json-tags,2,16,8,4,1,96,16384,1,1,4,3.990042250000007,3.990042250000007,3.990042250000007,0.11413025,528.72415,0,10804224,75,6.5607615,0.6020165,69.13499999999999,101,4854,42834,185.9248215,188.829922,29503488,True,,3.0,532.71419225,37.03530162500001,6.055370960937507,4.1191252944336005,32,clustered,16,,,,,
pir-cold-rss-qualification-v1,singlepass,4,binary-tags,2,16,8,4,1,96,16384,1,1,4,256.9566365,256.9566365,256.9566365,254.730158,277.181249,0,5554176,1437771,48.242018,0.7048675,110.4875,11148668,364,87662,474.30535,482.193968,44097536,True,,3.0,534.1378855,274.2804645625,258.03937575390626,257.0243077033691,32,clustered,16,,,,,
pir-cold-rss-qualification-v1,singlepass,4,json-tags,2,16,8,4,1,96,16384,1,1,4,463.8151224999998,463.8151224999998,463.8151224999998,460.06395249999986,530.6508810000007,0,10804224,2750283,87.896026,1.0039845,150.4935,21648783,365,169700,716.2532905,719.096944,57778176,True,,3.0,994.4660035000005,496.98080256249983,465.88797750390603,463.94467593774397,32,clustered,16,,,,,
pir-cold-rss-qualification-v1,dense,4,binary-tags,2,2,8,4,1,32,65536,1,1,4,39.10305475000011,39.10305475000011,39.10305475000011,0.1681155,1984.0974649999996,0,22478848,73,8.5612405,5.2015475,94.35149999999999,99,803390,4222,267.6206595,270.332623,29798400,True,,7.0,2023.2005197499998,163.1091463125001,46.85343547265636,39.58745354516613,32,clustered,16,,,,,
pir-cold-rss-qualification-v1,dense,4,json-tags,2,2,8,4,1,32,65536,1,1,4,59.041062499999995,59.041062499999995,59.041062499999995,0.160489,3554.7923920000003,0,42434560,74,6.7606625000000005,4.4976005,73.72649999999999,100,803390,6652,247.6618865,249.99738,29720576,True,,7.0,3613.8334545000002,281.215587,72.92697028125,59.90893173632812,32,clustered,16,,,,,
pir-cold-rss-qualification-v1,singlepass,4,binary-tags,2,2,8,4,1,32,65536,1,1,4,1177.2427682499974,1177.2427682499974,1177.2427682499974,1176.0482769999974,1852.7763620000114,0,22478848,9289801,504.15434400000004,1.039114,569.126,47961157,989,13077,1758.5564915,1768.510413,41443328,True,,7.0,3030.019130250009,1293.0412908749981,1184.48017591406,1177.6951062290013,32,clustered,16,,,,,
pir-cold-rss-qualification-v1,dense,4,binary-tags,2,4,8,4,1,32,65536,1,1,4,20.323304500000045,20.323304500000045,20.323304500000045,0.11954999999999999,1333.1610219999998,0,19267584,74,6.716905499999999,1.9501565,70.0555,100,295404,5974,201.75750499999998,208.19596,29609984,True,,6.0,1353.4843264999997,103.64586837500003,25.530964742187543,20.648783265136764,32,clustered,16,,,,,
pir-cold-rss-qualification-v1,dense,4,json-tags,2,4,8,4,1,32,65536,1,1,4,32.18382624999985,32.18382624999985,32.18382624999985,0.12683125,2396.9335530000008,0,36274176,74,6.8787095,2.6364895,71.2535,100,295404,10122,221.00694149999998,222.324049,29622272,True,,6.0,2429.117379250001,181.99217331249992,41.54684794140611,32.76901510571275,32,clustered,16,,,,,
pir-cold-rss-qualification-v1,singlepass,4,binary-tags,2,4,8,4,1,32,65536,1,1,4,948.3373395000006,948.3373395000006,948.3373395000006,947.0886837500007,1285.0442959999978,0,19267584,6389834,316.15029200000004,0.914317,377.783,39822386,830,20595,1361.4191245,1381.927646,37445632,True,,6.0,2233.381635499998,1028.6526080000003,953.3570437812506,948.6510710175787,32,clustered,16,,,,,
pir-cold-rss-qualification-v1,dense,4,binary-tags,2,16,8,4,1,32,65536,1,1,4,3.9554457499999947,3.9554457499999947,3.9554457499999947,0.11643150000000001,597.5657120000001,0,9633792,74,6.816309,0.5206500000000001,70.1155,100,18678,10036,187.388563,188.513875,29523968,True,,3.0,601.52115775,41.30330275,6.289686812499995,4.101335816406245,32,clustered,16,,,,,
pir-cold-rss-qualification-v1,dense,4,json-tags,2,16,8,4,1,32,65536,1,1,4,6.394602750000036,6.394602750000036,6.394602750000036,0.13468825,1095.5301249999998,0,18100224,75,6.6332024999999994,0.5730715,68.96549999999999,101,18678,18303,187.801122,194.68091,29483008,True,,3.0,1101.9247277499999,74.86523556250002,10.674017300781285,6.662066159423865,32,clustered,16,,,,,
pir-cold-rss-qualification-v1,singlepass,4,binary-tags,2,16,8,4,1,32,65536,1,1,4,482.00274199999996,482.00274199999996,482.00274199999996,480.739707,605.4820040000004,0,9633792,2605130,98.10361499999999,0.5865325,160.452,19428587,392,38528,728.515198,732.116387,37957632,True,,3.0,1087.4847460000003,519.84536725,484.367906078125,482.1505647548828,32,clustered,16,,,,,
pir-cold-rss-qualification-v1,singlepass,4,json-tags,2,16,8,4,1,32,65536,1,1,4,806.8599507499998,806.8599507499998,806.8599507499998,805.0155807499998,1163.7215160000005,0,18100224,4721739,156.5543225,0.715684,217.2775,36361437,390,71587,1101.4566439999999,1105.302116,46092288,True,,3.0,1970.5814667500003,879.5925454999999,811.4057379218748,807.144062448242,32,clustered,16,,,,,
pir-cold-rss-qualification-v1,dense,4,binary-tags,2,2,8,4,1,96,65536,1,1,4,68.7326005000001,68.7326005000001,68.7326005000001,0.15930149999999998,3253.5241989999995,0,51838976,74,7.1247615,4.5693385,77.356,100,803390,7813,272.024428,291.895242,29728768,True,,7.0,3322.2567994999995,272.0778629375001,81.44167940234385,69.52691793139658,32,clustered,16,,,,,
pir-cold-rss-qualification-v1,dense,4,binary-tags,2,4,8,4,1,96,65536,1,1,4,35.97617900000018,35.97617900000018,35.97617900000018,0.11658225,2626.6442809999994,0,44433408,74,6.762359,2.0516905,71.41499999999999,100,295404,12117,221.68246349999998,222.614141,29552640,True,,6.0,2662.6204599999996,200.14144656250014,46.236508222656425,36.61744957641619,32,clustered,16,,,,,
pir-cold-rss-qualification-v1,dense,4,binary-tags,2,16,8,4,1,96,65536,1,1,4,7.345298249999949,7.345298249999949,7.345298249999949,0.13262949999999998,1205.1200980000003,0,22216704,75,6.6885425000000005,0.6818850000000001,68.642,101,18678,22326,187.59108,188.85417,29495296,True,,3.0,1212.4653962500004,82.66530437499998,12.05279863281245,7.63951702392573,32,clustered,16,,,,,
pir-cold-rss-qualification-v1,dense,4,json-tags,2,16,8,4,1,96,65536,1,1,4,11.848976250000087,11.848976250000087,11.848976250000087,0.1248625,2267.127574999999,0,43266048,75,6.5110155,0.9624079999999999,68.2295,101,18678,42888,189.6065615,193.075893,29483008,True,,3.0,2278.9765512499994,153.54444968750002,20.704943339843833,12.40247419311532,32,clustered,16,,,,,
pir-cold-rss-qualification-v1,singlepass,4,binary-tags,2,16,8,4,1,96,65536,1,1,4,1063.5603807500001,1063.5603807500001,1063.5603807500001,1061.2851935,1181.0440229999995,0,22216704,5750859,178.025168,0.6915585,241.79299999999998,44594402,392,87678,1388.2955865,1390.962456,48111616,True,,3.0,2244.6044037499996,1137.3756321875,1068.1738339648439,1063.8487215759278,32,clustered,16,,,,,
pir-cold-rss-qualification-v1,dense,4,posting,2,4,4,4,1,32,256,1,1,4,0.3289352499999997,0.3289352499999997,0.3289352499999997,0.137401,9.973767,0,81567,37,6.742824499999999,0.1729765,69.531,59,342,842,180.245794,183.878877,29536256,True,,1.0,10.30270225,0.9522956874999997,0.36789527734374966,0.33137025170898404,32,clustered,16,,,,,
pir-cold-rss-qualification-v1,singlepass,4,posting,2,4,4,4,1,32,256,1,1,4,4.129956749999999,4.129956749999999,4.129956749999999,3.936333999999999,9.569323999999998,0,81567,28804,8.33005,0.16634949999999998,70.007,169954,115,2834,185.2715245,186.558615,30023680,True,,1.0,13.699280749999996,4.728039499999999,4.167336921874999,4.1322930107421865,32,clustered,16,,,,,
pir-cold-rss-qualification-v1,dense,4,posting,2,4,4,4,1,32,1024,1,1,4,0.33693274999999984,0.33693274999999984,0.33693274999999984,0.1088305,29.084357999999998,0,333987,38,6.556896500000001,0.1674515,67.866,60,1110,858,178.4252545,184.294256,29466624,True,,1.0,29.421290749999997,2.1547051249999996,0.4505435234374998,0.3440334233398436,32,clustered,16,,,,,
pir-cold-rss-qualification-v1,singlepass,4,posting,2,4,4,4,1,32,1024,1,1,4,15.883295999999996,15.883295999999996,15.883295999999996,15.689927999999997,30.117520000000027,0,333987,116489,13.0221435,0.176037,76.637,694946,121,2897,204.61237899999998,208.434487,30773248,True,,1.0,46.00081600000002,17.765641,16.000942562499997,15.890648910156246,32,clustered,16,,,,,
pir-cold-rss-qualification-v1,dense,4,hash,2,4,4,4,1,32,256,1,1,4,0.6444054999999997,0.6444054999999997,0.6444054999999997,0.14959375,5.875505,0,43290,87,6.6525225,0.437419,68.67849999999999,117,450,4617,177.46606000000003,184.738189,29519872,True,,3.0,6.5199105,1.0116245624999998,0.6673566914062498,0.6458399494628904,32,clustered,16,,,,,
pir-cold-rss-qualification-v1,singlepass,4,hash,2,4,4,4,1,32,256,1,1,4,2.8009444999999995,2.8009444999999995,2.8009444999999995,2.08030475,6.1961150000000025,0,43290,13188,7.257764,0.469385,68.583,88478,330,16849,180.2584385,185.893907,29753344,True,,3.0,8.997059500000002,3.1882016874999994,2.8251480742187494,2.8024572233886715,32,clustered,16,,,,,
pir-cold-rss-qualification-v1,dense,4,hash,2,4,4,4,1,32,1024,1,1,4,0.6944714999999996,0.6944714999999996,0.6944714999999996,0.11737875,19.687036000000003,0,259056,87,6.600753,0.4376155,67.8495,117,1026,6666,176.0981475,180.152405,29503488,True,,3.0,20.3815075,1.9249112499999996,0.7713739843749996,0.699277905273437,32,clustered,16,,,,,
pir-cold-rss-qualification-v1,singlepass,4,hash,2,4,4,4,1,32,1024,1,1,4,13.059737750000002,13.059737750000002,13.059737750000002,12.10481075,20.103197999999985,0,259056,73359,9.244464,0.5043705,71.7225,525003,350,25058,194.59115500000001,197.664772,30863360,True,,3.0,33.16293574999999,14.316187625000001,13.138265867187501,13.06464575732422,32,clustered,16,,,,,
pir-cold-rss-qualification-v1,dense,4,radix,2,4,4,4,1,32,256,1,1,4,0.8488505,0.8488505,0.8488505,0.13329575,4.363878,0,24206,82,6.6033925,0.48819900000000005,68.12700000000001,112,282,15905,177.8170285,180.757668,29556736,True,,3.0,5.2127285,1.121592875,0.8658968984375,0.8499158999023437,32,clustered,16,,,,,
pir-cold-rss-qualification-v1,singlepass,4,radix,2,4,4,4,1,32,256,1,1,4,2.8426247500000006,2.8426247500000006,2.8426247500000006,1.2195060000000002,4.428666,0,24206,6772,7.16751,0.5924065000000001,69.68299999999999,48862,306,62014,182.8940795,183.693499,29585408,True,,3.0,7.27129075,3.1194163750000006,2.8599242265625007,2.843705967285157,32,clustered,16,,,,,
pir-cold-rss-qualification-v1,dense,4,radix,2,4,4,4,1,32,1024,1,1,4,0.83123,0.83123,0.83123,0.11207375,9.379494999999999,0,91420,83,6.8247085,0.46875900000000004,69.419,113,354,16290,180.0937715,184.730503,29532160,True,,3.0,10.210724999999998,1.4174484375,0.86786865234375,0.8335199157714844,32,clustered,16,,,,,
pir-cold-rss-qualification-v1,singlepass,4,radix,2,4,4,4,1,32,1024,1,1,4,5.74234575,5.74234575,5.74234575,4.0751722500000005,9.396641000000002,0,91420,24743,7.508443,0.657619,70.35549999999999,183955,325,63554,185.78244949999998,188.397383,29827072,True,,3.0,15.138986750000003,6.3296358125,5.77905137890625,5.744639851806641,32,clustered,16,,,,,
pir-cold-rss-qualification-v1,dense,4,authenticated,1,4,4,4,1,32,256,1,1,4,3.611072250000003,3.611072250000003,3.611072250000003,0.13498875,46.70098299999999,0,524288,169,6.756091,3.138478,71.2655,205,24332,27111,186.0011755,191.001528,29528064,True,,22.0,50.312055249999986,6.529883687500002,3.793497964843753,3.6224738571777375,32,clustered,16,,,,,
pir-cold-rss-qualification-v1,singlepass,4,authenticated,1,4,4,4,1,32,256,1,1,4,27.33808550000002,27.33808550000002,27.33808550000002,22.856016750000002,48.01899699999993,0,524288,164009,14.7792175,3.472835,79.38050000000001,1075589,2661,96489,218.257544,220.417602,31780864,True,,22.0,75.35708249999995,30.339272812500013,27.52565970703127,27.349808887939474,32,clustered,16,,,,,
pir-cold-rss-qualification-v1,dense,4,authenticated,1,4,4,4,1,32,1024,1,1,4,6.513230749999997,6.513230749999997,6.513230749999997,0.1626255,179.235994,0,2097152,169,6.6780905,4.05076,72.6535,205,108628,32071,190.2579285,194.521492,29569024,True,,26.0,185.74922475,17.715480375,7.213371351562497,6.556989537597653,32,clustered,16,,,,,
pir-cold-rss-qualification-v1,singlepass,4,authenticated,1,4,4,4,1,32,1024,1,1,4,95.53111225000008,95.53111225000008,95.53111225000008,90.29932675000002,180.69413999999972,0,2097152,655529,37.3354975,4.0438665,102.54050000000001,4301755,3346,114105,300.61773200000005,304.419676,32526336,True,,26.0,276.2252522499998,106.82449600000007,96.23694873437508,95.57522703027351,32,clustered,16,,,,,
pir-cold-rss-qualification-v1,dense,4,binary-patricia,2,1,8,4,1,32,1024,1,1,4,1.6131642499999987,1.6131642499999987,1.6131642499999987,0.1671185,15.113575000000004,0,127032,70,6.654278,1.318587,70.22200000000001,98,3980,10104,186.955221,188.436976,29442048,True,,10.0,16.72673925,2.557762687499999,1.6722016523437488,1.6168540876464832,32,clustered,16,,,,,
pir-cold-rss-qualification-v1,dense,4,binary-patricia,2,2,8,4,1,32,1024,1,1,4,0.9406999999999996,0.9406999999999996,0.9406999999999996,0.113722,10.817254000000002,0,85023,69,6.6882909999999995,0.769433,68.71600000000001,97,1764,6061,181.4962265,184.223288,29458432,True,,6.0,11.757954000000002,1.6167783749999998,0.9829548984374996,0.9433409311523434,32,clustered,16,,,,,
pir-cold-rss-qualification-v1,dense,4,binary-patricia,2,4,8,4,1,32,1024,1,1,4,0.7024120000000004,0.7024120000000004,0.7024120000000004,0.1263225,8.852943,0,68340,69,6.636232,0.5322765,68.08250000000001,97,1016,4043,177.5379575,184.145241,29552640,True,,4.0,9.555355,1.2557209375000005,0.7369938085937504,0.7045733630371097,32,clustered,16,,,,,
pir-cold-rss-qualification-v1,dense,4,binary-patricia,2,8,8,4,1,32,1024,1,1,4,0.8691712499999995,0.8691712499999995,0.8691712499999995,0.12821875,18.894629000000002,0,328320,70,6.7718865,0.44049099999999997,69.731,98,726,12929,180.539945,184.024383,29495296,True,,3.0,19.763800250000003,2.0500855624999996,0.9429783945312495,0.8737841965332026,32,clustered,16,,,,,
pir-cold-rss-qualification-v1,dense,4,binary-patricia,2,1,8,4,1,32,16384,1,1,4,4.0022102499999965,4.0022102499999965,4.0022102499999965,0.1144155,199.889226,0,2035326,72,6.5657285000000005,2.070637,69.88649999999998,100,72044,14192,187.6340255,190.964865,29491200,True,,14.0,203.89143625,16.495286874999998,4.783027539062497,4.051011330566403,32,clustered,16,,,,,
pir-cold-rss-qualification-v1,dense,4,binary-patricia,2,2,8,4,1,32,16384,1,1,4,2.053310499999996,2.053310499999996,2.053310499999996,0.10201199999999999,128.80983300000003,0,1357353,70,6.573478,1.1217355,69.2895,98,27696,8109,184.5058965,190.475738,29462528,True,,8.0,130.86314350000004,10.103925062499997,2.556473910156246,2.0847582131347613,32,clustered,16,,,,,
pir-cold-rss-qualification-v1,dense,4,binary-patricia,2,4,8,4,1,32,16384,1,1,4,1.3179632500000007,1.3179632500000007,1.3179632500000007,0.1293385,102.518247,0,1086204,70,6.9156305,0.7056929999999999,69.29849999999999,98,13930,5069,183.68768599999999,194.370967,29474816,True,,5.0,103.83621025000001,7.725353687500001,1.7184251523437508,1.342992118896485,32,clustered,16,,,,,
pir-cold-rss-qualification-v1,dense,4,binary-patricia,2,8,8,4,1,32,16384,1,1,4,2.2602074999999964,2.2602074999999964,2.2602074999999964,0.1193495,259.908774,0,5217210,71,6.795819,0.471844,67.95749999999998,99,7878,12939,179.6906315,184.556872,29528064,True,,3.0,262.1689815,18.504505874999996,3.2754761484374963,2.32366179052734,32,clustered,16,,,,,
pir-cold-finite-rss-v1,dense,4,binary-tags,2,4,8,4,1,32,256,1,1,4,0.7534037499999999,0.7534037499999999,0.7534037499999999,0.15759625,7.905493000000002,0,50176,101,6.659969500000001,0.570723,68.15299999999999,131,840,3962,179.590715,205.789184,29503488,True,,4.0,8.658896750000002,1.2474970625,0.78428458203125,0.7553338020019531,32,clustered,16,linear,,,,
pir-cold-finite-rss-v1,finite,4,binary-tags,2,4,8,4,1,32,256,1,1,4,1.8405292499999921,1.8405292499999921,1.8405292499999921,0.3952792499999995,118.69575100000003,0,50176,2513,6.8191485,1.13843,69.429,389,269,210932,179.73156899999998,185.542867,29704192,True,,4.0,120.53628025000002,9.259013687499994,2.3041845273437422,1.8695077048339765,32,clustered,16,linear,,,,
pir-cold-finite-rss-v1,dense,4,json-tags,2,4,8,4,1,32,256,1,1,4,0.7582415,0.7582415,0.7582415,0.1343325,8.180973999999999,0,90368,101,6.5631895,0.573833,68.46549999999999,131,840,6475,181.4516355,188.706764,29564928,True,,4.0,8.9392155,1.269552375,0.7901984296875,0.7602388081054687,32,clustered,16,linear,,,,
pir-cold-finite-rss-v1,finite,4,json-tags,2,4,8,4,1,32,256,1,1,4,2.8497989999999946,2.8497989999999946,2.8497989999999946,0.3670490000000022,203.68794400000004,0,90368,2513,6.741555,1.3537765,68.85999999999999,391,270,379238,181.8613285,186.881198,29724672,True,,4.0,206.53774300000003,15.580295499999998,3.6454550312499947,2.8995275019531195,32,clustered,16,linear,,,,
pir-cold-finite-rss-v1,dense,4,binary-tags,2,4,8,4,1,32,1024,1,1,4,0.7629055000000011,0.7629055000000011,0.7629055000000011,0.13347575,15.815920999999998,0,200704,103,6.668844,0.5988085,67.722,133,2376,3959,180.226697,189.892596,29503488,True,,4.0,16.578826499999998,1.751400562500001,0.8246864414062511,0.7667668088378917,32,clustered,16,linear,,,,
pir-cold-finite-rss-v1,finite,4,binary-tags,2,4,8,4,1,32,1024,1,1,4,6.786300499999986,6.786300499999986,6.786300499999986,0.38380049999998983,521.8066560000001,0,200704,13711,7.0375155,4.881211,73.7995,396,272,1186229,190.10006149999998,194.363636,30081024,True,online-wire,4.0,528.5929565000001,39.399216499999994,8.824607749999986,6.913694703124986,32,clustered,16,linear,,,,
pir-cold-finite-rss-v1,dense,4,json-tags,2,4,8,4,1,32,1024,1,1,4,0.8512052499999994,0.8512052499999994,0.8512052499999994,0.135187,26.295852000000004,0,367616,103,6.632391,0.5820215,67.6355,133,2376,6569,176.94354700000002,179.969639,29466624,True,,4.0,27.147057250000003,2.4946959999999994,0.9539234218749993,0.8576251357421869,32,clustered,16,linear,,,,
pir-cold-finite-rss-v1,finite,4,json-tags,2,4,8,4,1,32,1024,1,1,4,10.481966,10.481966,10.481966,0.399216000000038,814.121052,0,367616,13711,7.0559899999999995,8.3185485,76.82650000000001,396,272,2172054,194.914061,204.821797,30371840,True,online-wire,4.0,824.603018,61.36453175,13.662126359375,10.680726022460938,32,clustered,16,linear,,,,
pir-cold-finite-rss-v1,dense,4,binary-tags,2,4,8,4,1,32,4096,1,1,4,0.9708557499999994,0.9708557499999994,0.9708557499999994,0.11317575,54.496587000000005,0,802816,104,6.484862,0.604075,68.08,134,8520,3969,177.841795,181.031011,29458432,True,,4.0,55.467442750000004,4.3768924375,1.1837330429687494,0.9841605808105462,32,clustered,16,linear,,,,
pir-cold-finite-rss-v1,finite,4,binary-tags,2,4,8,4,1,32,4096,1,1,4,7.726939749999968,7.726939749999968,7.726939749999968,0.41793975000005573,1784.566887,0,802816,20840,7.1717175,7.127887,76.0465,397,279,1807158,193.425279,206.122524,30351360,True,online-wire,4.0,1792.2938267499999,119.26237018749997,14.697904152343717,8.162625025146452,32,clustered,16,linear,,,,
pir-cold-finite-rss-v1,dense,4,json-tags,2,4,8,4,1,32,4096,1,1,4,1.226409749999999,1.226409749999999,1.226409749999999,0.123114,94.80807100000001,0,1478656,104,6.5577995,0.6352914999999999,67.619,134,8520,6616,177.1666795,184.465529,29499392,True,,4.0,96.03448075000001,7.1519141875,1.596753777343749,1.2495562517089835,32,clustered,16,linear,,,,
pir-cold-finite-rss-v1,finite,4,json-tags,2,4,8,4,1,32,4096,1,1,4,13.00520500000025,13.00520500000025,13.00520500000025,0.46345499999998774,3124.484343999999,0,1478656,20840,6.9309235000000005,12.898433,80.80250000000001,419,278,3327837,203.80618800000002,204.648939,31154176,True,online-wire,4.0,3137.4895489999994,208.2854765000002,25.210221968750247,13.768018560547125,32,clustered,16,linear,,,,
pir-cold-extensions-v1,dense,8,xor,2,16,8,4,1,32,256,1,5,40,0.28830037499999994,0.2798812499999999,0.319964625,0.123431125,5.057758,0,23760,45,6.6869890000000005,0.19303,68.27,69,174,736,179.3507425,190.882962,29597696,True,,1.0,5.346058375,0.6044102499999999,0.30805724218749997,0.2895351791992187,32,clustered,16,,,,,
pir-cold-extensions-v1,dense,8,xor,2,16,8,4,1,96,256,1,5,40,0.333276125,0.2864574999999999,0.3450689999999999,0.144955125,6.213597000000001,0,46800,45,6.663246,0.193896,68.3735,69,174,1247,178.499078,189.586865,29597696,True,,1.0,6.546873125000001,0.7216259375,0.35754798828125,0.3347931164550781,32,clustered,16,,,,,
pir-cold-extensions-v1,dense,8,binary-tags,2,16,8,4,1,32,256,1,5,40,0.538975375,0.5216417500000001,0.5482022499999999,0.12978675,4.4100990000000015,0,25088,72,6.732061,0.3218855,69.011,98,196,6686,180.2117515,201.953197,29523968,True,,2.0,4.949074375000001,0.8146065625000001,0.55620232421875,0.540052059326172,32,clustered,16,,,,,
pir-cold-extensions-v1,dense,8,binary-tags,2,16,8,4,1,96,256,1,5,40,0.6911700000000001,0.6703312499999998,0.7333986250000002,0.123455,5.930549999999999,0,57856,73,6.675330000000001,0.3336615,68.571,99,196,14876,180.653325,197.619716,29560832,True,,2.0,6.62172,1.061829375,0.7143362109375001,0.6926178881835938,32,clustered,16,,,,,
pir-cold-extensions-v1,dense,8,directory,2,16,8,4,1,32,256,1,5,40,0.42066449999999994,0.3996502499999999,0.4291078749999999,0.12156775,3.7575080000000005,0,12576,155,6.7066245,0.21026099999999998,68.21549999999999,183,86,6494,179.4145385,197.312921,29544448,True,,1.0,4.1781725000000005,0.65550875,0.43534226562499995,0.4215818603515624,32,clustered,16,,,,,
pir-cold-extensions-v1,dense,8,directory,2,16,8,4,1,96,256,1,5,40,0.5823473750000001,0.567868875,0.613066,0.126774875,4.207744,0,28960,156,6.7293015,0.231953,68.9245,184,86,14686,181.503949,277.725876,29548544,True,,1.0,4.790091375,0.8453313750000001,0.5987838750000001,0.5833746562500001,32,clustered,16,,,,,
pir-cold-extensions-v1,dense,8,xor,2,16,8,4,1,32,1024,1,5,40,0.3147526250000002,0.2958043750000002,0.32565137500000013,0.12041425,12.123657,0,94644,46,6.723014,0.1980035,68.52099999999999,70,442,735,181.0355055,229.184804,29593600,True,,1.0,12.438409625,1.0724811875000002,0.36211066015625015,0.3177125021972658,32,clustered,16,,,,,
pir-cold-extensions-v1,dense,8,xor,2,16,8,4,1,96,1024,1,5,40,0.34180987499999993,0.3235551250000001,0.3656886249999997,0.113288375,16.412461,0,186420,46,6.6560595,0.1962505,68.30099999999999,70,442,1246,178.782604,208.73941,29605888,True,,1.0,16.754270875,1.3675886875,0.40592105078124996,0.34581682348632803,32,clustered,16,,,,,
pir-cold-extensions-v1,dense,8,binary-tags,2,16,8,4,1,32,1024,1,5,40,0.553259375,0.5459844999999999,0.5817545000000003,0.127531125,9.55893,0,100352,72,6.7144815,0.3219835,68.85149999999999,98,292,6684,180.6589725,196.003775,29548544,True,,2.0,10.112189375,1.1506925,0.5905989453125,0.5555930981445313,32,clustered,16,,,,,
pir-cold-extensions-v1,dense,8,binary-tags,2,16,8,4,1,96,1024,1,5,40,0.7216564999999999,0.701529625,0.7656612500000001,0.1192045,15.388724000000003,0,231424,73,6.6672445,0.3366665,68.74099999999999,99,292,14876,179.96457700000002,186.358864,29528064,True,,2.0,16.110380500000005,1.6834517500000001,0.7817687031249999,0.7254135126953124,32,clustered,16,,,,,
pir-cold-extensions-v1,dense,8,directory,2,16,8,4,1,32,1024,1,5,40,0.43370450000000005,0.42079875000000005,0.44806575,0.1349715,6.548306,0,50304,411,6.690389,0.210056,68.47200000000001,439,98,6494,180.25341250000002,183.942985,29556736,True,,1.0,6.9820105,0.8429736250000001,0.45928382031250004,0.4353032075195313,32,clustered,16,,,,,
pir-cold-extensions-v1,dense,8,directory,2,16,8,4,1,96,1024,1,5,40,0.6028789999999999,0.589589375,0.6137946249999997,0.136162125,9.125897,0,115840,412,6.6852215,0.2335395,68.5615,440,98,14686,178.34416,182.705139,29556736,True,,1.0,9.728776,1.1732475624999998,0.63852703515625,0.6051070021972655,32,clustered,16,,,,,
pir-cold-extensions-v1,dense,8,xor,2,16,8,4,1,32,16384,1,5,40,0.6101393749999995,0.6027053749999999,0.6462126250000007,0.12500025,156.05752999999999,0,1513908,47,6.6528705,0.21477000000000002,68.33099999999999,71,5818,738,180.020331,185.595737,29614080,True,,1.0,156.66766937499997,10.363734999999998,1.2197391015624994,0.6482393579101557,32,clustered,16,,,,,
pir-cold-extensions-v1,dense,8,xor,2,16,8,4,1,96,16384,1,5,40,0.837913249999999,0.8073862500000004,0.8850565000000015,0.11952499999999999,226.60649,0,2981940,47,6.64487,0.216553,68.15800000000002,71,5818,1250,178.877051,183.375871,29585408,True,,1.0,227.44440325,15.000818875,1.723094851562499,0.8932371000976553,32,clustered,16,,,,,
pir-cold-extensions-v1,dense,8,binary-tags,2,16,8,4,1,32,16384,1,5,40,1.3671309999999945,1.288423749999997,1.3859116249999992,0.1273775,147.28957499999996,0,2408448,74,6.6636565,0.4714885,68.4665,100,4854,10038,181.11688850000002,192.831605,29532160,True,,3.0,148.65670599999996,10.572729437499992,1.9424809023437444,1.4030903688964789,32,clustered,16,,,,,
pir-cold-extensions-v1,dense,8,binary-tags,2,16,8,4,1,96,16384,1,5,40,2.264603000000009,2.1674158749999943,2.3010563750000013,0.125768,279.295865,0,5554176,75,6.643904,0.5024109999999999,68.3275,101,4854,22325,181.70658600000002,186.028147,29540352,True,,3.0,281.560468,19.720594562500008,3.355602472656259,2.3327904670410247,32,clustered,16,,,,,
pir-cold-extensions-v1,dense,8,directory,2,16,8,4,1,32,16384,1,5,40,0.51823125,0.5057171250000001,0.5461473750000003,0.133352125,64.38055,0,804864,5531,6.6221455,0.24562299999999998,68.1865,5559,338,6496,178.91152499999998,185.309169,29573120,True,,1.0,64.89878125,4.542015625,0.7697177734375,0.5339491577148437,32,clustered,16,,,,,
pir-cold-extensions-v1,dense,8,directory,2,16,8,4,1,96,16384,1,5,40,0.7931187500000001,0.7544586249999997,0.8215397499999999,0.13142975,109.34991299999999,0,1853440,5532,6.682141,0.2810425,68.61500000000001,5560,338,14690,181.02056249999998,186.310697,29589504,True,,1.0,110.14303174999999,7.627488312499999,1.2202668476562502,0.8198155061035157,32,clustered,16,,,,,
pir-cold-extensions-v1,dense,4,bit-owners,2,1,8,4,1,32,256,1,5,20,3.976705750000001,3.9547355,4.030258249999999,0.1297165,37.530408,0,13924,84,27.842971,3.2085745,93.18100000000001,112,2096,54346,223.751948,229.646025,29921280,True,,24.0,41.50711375,6.322356250000001,4.123308906250001,3.9858684472656263,32,clustered,16,,,,,
pir-cold-extensions-v1,dense,4,bit-owners,2,1,8,4,1,32,256,1,5,20,3.99396775,3.968541,4.01622,0.1252885,37.887402,0,13924,84,28.200374,3.191291,93.0105,112,2096,54360,222.7569895,228.991916,29933568,True,,24.0,41.881369750000005,6.361930375,4.1419654140625,4.003217604003906,32,shuffled,16,,,,,
pir-cold-extensions-v1,dense,4,bit-owners,2,2,8,4,1,32,256,1,5,20,3.03302575,3.0079914999999993,3.046416999999999,0.117639,20.911464000000002,0,13924,83,17.097829,2.1919969999999998,80.9385,111,1408,52643,202.601247,210.086076,29712384,True,,16.0,23.944489750000002,4.33999225,3.1147111562500003,3.0381310878906254,32,clustered,16,,,,,
pir-cold-extensions-v1,dense,4,bit-owners,2,2,8,4,1,32,256,1,5,20,3.0509815,3.009109999999999,3.0791420000000005,0.1168425,20.974272,0,13924,83,17.625675,2.2230855,81.59299999999999,111,1408,52642,203.60708549999998,212.250988,29736960,True,,16.0,24.025253499999998,4.3618735,3.13291225,3.0561021718749997,32,shuffled,16,,,,,
pir-cold-extensions-v1,dense,4,bit-owners,2,4,8,4,1,32,256,1,5,20,2.5490790000000008,2.5441332500000007,2.6372815,0.1218345,12.871064999999998,0,13988,83,11.9657005,1.6441694999999998,75.398,111,1080,51784,192.48382900000001,197.772772,29622272,True,,12.0,15.420143999999999,3.353520562500001,2.599356597656251,2.5522213498535162,32,clustered,16,,,,,
pir-cold-extensions-v1,dense,4,bit-owners,2,4,8,4,1,32,256,1,5,20,2.5579822500000002,2.5242794999999996,2.6188147499999994,0.12328475,12.961317000000001,0,13988,83,12.1859275,1.6871019999999999,75.51150000000001,111,1080,51783,192.58880699999997,198.995015,29667328,True,,12.0,15.519299250000001,3.3680645625000003,2.6086123945312503,2.561146634033203,32,shuffled,16,,,,,
pir-cold-extensions-v1,dense,4,bit-owners,2,8,8,4,1,32,256,1,5,20,0.7083045,0.67737975,0.732148,0.1340595,9.82003,0,14884,83,9.310233,0.44899049999999996,71.178,111,510,6796,184.605931,196.840435,29564928,True,,3.0,10.5283345,1.3220563749999998,0.7466639921875,0.7107019682617187,32,clustered,16,,,,,
pir-cold-extensions-v1,dense,4,bit-owners,2,8,8,4,1,32,256,1,5,20,0.9230345000000002,0.8928035,0.937168,0.14160625,10.127159,0,14884,83,9.3632965,0.5990755,71.358,111,600,13162,185.026633,193.294141,29548544,True,,4.0,11.0501935,1.5559819375000004,0.9625937148437502,0.9255069509277346,32,shuffled,16,,,,,
pir-cold-extensions-v1,dense,4,bit-owners-raw,2,1,8,4,1,32,256,1,5,20,3.9863319999999995,3.95073125,4.0227015,0.14153875,37.746584,0,13924,84,27.2099175,3.161798,92.51599999999999,112,2096,54347,222.3485105,226.18811,29945856,True,,24.0,41.732915999999996,6.3454935,4.13377959375,3.9955474746093746,32,clustered,16,,,,,
pir-cold-extensions-v1,dense,4,bit-owners-raw,2,1,8,4,1,32,256,1,5,20,4.013751750000001,3.9684859999999995,4.057417749999999,0.132096,37.87024999999999,0,13924,84,27.786821500000002,3.1618605,92.5915,112,2096,54356,222.355365,237.028417,29962240,True,,24.0,41.884001749999996,6.380642375000001,4.161682414062501,4.022997416503907,32,shuffled,16,,,,,
pir-cold-extensions-v1,dense,4,bit-owners-raw,2,2,8,4,1,32,256,1,5,20,3.03060775,3.0063194999999996,3.0493332500000006,0.121058,20.954887,0,13924,83,17.615627,2.21258,81.657,111,1408,52644,204.59562,209.898937,29708288,True,,16.0,23.98549475,4.340288187500001,3.11246277734375,3.0357236892089845,32,clustered,16,,,,,
pir-cold-extensions-v1,dense,4,bit-owners-raw,2,2,8,4,1,32,256,1,5,20,3.0407742499999992,3.00890575,3.0571025,0.12366825000000001,21.162304000000006,0,13924,83,17.4110595,2.2011715,81.195,111,1408,52642,202.87252949999998,210.866308,29716480,True,,16.0,24.203078250000004,4.36341825,3.123439499999999,3.045940828124999,32,shuffled,16,,,,,
pir-cold-extensions-v1,dense,4,bit-owners-raw,2,4,8,4,1,32,256,1,5,20,2.5641145000000005,2.526034499999999,2.588670000000001,0.1300075,12.869367,0,13988,83,12.0866755,1.6532235000000002,75.459,111,1080,51785,193.6489175,199.731136,29642752,True,,12.0,15.433481500000001,3.3684499375000003,2.6143854648437506,2.5672564353027347,32,clustered,16,,,,,
pir-cold-extensions-v1,dense,4,bit-owners-raw,2,4,8,4,1,32,256,1,5,20,2.6065335000000003,2.5159845000000005,2.6455762499999995,0.1446595,13.012264999999996,0,13988,83,12.256041,1.6849975000000001,75.521,111,1080,51786,193.064745,289.679997,29650944,True,,12.0,15.618798499999997,3.4198000625000002,2.65736266015625,2.6097103225097658,32,shuffled,16,,,,,
pir-cold-extensions-v1,dense,4,bit-owners-raw,2,8,8,4,1,32,256,1,5,20,0.6886375,0.6562272499999998,0.7655532500000001,0.12698375,9.862167,0,14884,83,9.445591,0.44918199999999997,72.25799999999998,111,510,6797,186.838233,283.826945,29552640,True,,3.0,10.5508045,1.3050229375,0.72716158984375,0.6910452556152344,32,clustered,16,,,,,
pir-cold-extensions-v1,dense,4,bit-owners-raw,2,8,8,4,1,32,256,1,5,20,0.9304905000000002,0.9011952500000002,0.9731244999999998,0.12497775,9.863676000000002,0,14884,83,9.4129165,0.6002245,72.31649999999999,111,600,13163,187.18770849999999,206.686233,29536256,True,,4.0,10.794166500000001,1.5469702500000002,0.9690204843750002,0.9328986240234377,32,shuffled,16,,,,,
pir-cold-extensions-v1,dense,4,packed-wavelet,2,1,8,4,1,32,256,1,5,20,4.20685825,4.1744415,4.2845675,0.1274225,40.114988000000004,0,19124,239,28.462592,4.201147499999999,94.3665,273,3308,12550,224.9942135,243.814732,29941760,True,,34.0,44.32184625000001,6.7140450000000005,4.363557421875,4.216651948242188,32,clustered,16,,,,,
pir-cold-extensions-v1,dense,4,packed-wavelet,2,1,8,4,1,32,256,1,5,20,4.189783250000001,4.1599945,4.396243999999999,0.13281775,40.276334000000006,0,19124,239,28.384891500000002,4.1857679999999995,95.652,273,3308,12564,227.877734,276.931507,29978624,True,,34.0,44.46611725000001,6.707054125000002,4.347112679687501,4.19961633935547,32,shuffled,16,,,,,
pir-cold-extensions-v1,dense,4,packed-wavelet,2,2,8,4,1,32,256,1,5,20,2.3315865000000002,2.3071817500000003,2.354698,0.12274075000000001,22.603322,0,16820,230,17.655427500000002,2.295208,82.445,264,1868,7207,204.2941695,221.089291,29720576,True,,18.0,24.9349085,3.744294125,2.4198807265625004,2.3371048891601567,32,clustered,16,,,,,
pir-cold-extensions-v1,dense,4,packed-wavelet,2,2,8,4,1,32,256,1,5,20,2.30321175,2.28208375,2.3920319999999995,0.13325599999999999,22.390657999999995,0,16820,230,17.611787,2.2201934999999997,81.5375,264,1868,7208,202.949933,220.143086,29712384,True,,18.0,24.693869749999994,3.7026278749999997,2.3906752578125,2.3086782192382813,32,shuffled,16,,,,,
pir-cold-extensions-v1,dense,4,packed-wavelet,2,4,8,4,1,32,256,1,5,20,1.4096677499999999,1.4027375,1.4595905,0.13093625,14.100765999999997,0,16820,343,12.022569,1.2722715,74.9645,377,1148,5557,191.6307145,206.195367,29642752,True,,10.0,15.510433749999997,2.2909656249999997,1.4647488671875,1.4131103198242185,32,clustered,16,,,,,
pir-cold-extensions-v1,dense,4,packed-wavelet,2,4,8,4,1,32,256,1,5,20,1.43350275,1.4094145,1.4568177500000004,0.13538224999999998,14.211132999999998,0,16820,343,12.081688,1.277784,74.7575,377,1148,5558,190.94352,198.935204,29663232,True,,10.0,15.644635749999999,2.3216985625,1.48901498828125,1.436972264892578,32,shuffled,16,,,,,
pir-cold-extensions-v1,dense,4,packed-wavelet,2,8,8,4,1,32,256,1,5,20,1.27361275,1.2610015000000003,1.32397375,0.12630550000000001,15.677311,0,32372,1953,9.365634,0.8223275000000001,71.6125,1987,788,18550,186.244488,191.926847,29560832,True,,6.0,16.95092375,2.2534446875,1.33485224609375,1.2774402185058595,32,clustered,16,,,,,
pir-cold-extensions-v1,dense,4,packed-wavelet,2,8,8,4,1,32,256,1,5,20,1.2731814999999997,1.25864425,1.2897607500000001,0.12739024999999998,15.930880000000002,0,32372,1953,9.401739,0.8257680000000001,71.8275,1987,788,18549,184.7258285,199.493312,29609984,True,,6.0,17.2040615,2.2688615,1.3354114999999998,1.2770708749999997,32,shuffled,16,,,,,
pir-cold-extensions-v1,dense,4,bit-owners,2,1,8,4,1,32,1024,1,5,20,9.636606249999998,9.574564,9.685784750000003,0.12149599999999999,44.07909099999999,0,50980,86,28.515146,6.6567620000000005,96.7265,114,4640,207378,233.717742,243.876137,29962240,True,,48.0,53.71569724999999,12.391549437499997,9.808790199218748,9.64736774682617,32,clustered,16,,,,,
pir-cold-extensions-v1,dense,4,bit-owners,2,1,8,4,1,32,1024,1,5,20,9.663340750000003,9.57123225,9.746248750000007,0.12409875000000001,43.82327099999999,0,50980,86,28.2167765,6.714186,96.5405,114,4640,207379,232.2243835,256.527904,29970432,True,,48.0,53.486611749999994,12.402295187500002,9.834525402343754,9.674039790771488,32,shuffled,16,,,,,
pir-cold-extensions-v1,dense,4,bit-owners,2,2,8,4,1,32,1024,1,5,20,8.702534750000002,8.643337499999998,10.092909250000005,0.12532075,26.278676999999995,0,50980,85,17.653554999999997,5.7172875,85.4435,113,3952,205574,213.66436700000003,316.064327,29745152,True,,40.0,34.98121175,10.3449520625,8.80518583203125,8.708950442626955,32,clustered,16,,,,,
pir-cold-extensions-v1,dense,4,bit-owners,2,2,8,4,1,32,1024,1,5,20,8.697055999999996,8.628598750000004,8.74142325,0.12482275,26.694659999999978,0,50980,85,17.582062999999998,5.751780500000001,85.571,113,3952,205571,213.47954249999998,225.520265,29741056,True,,40.0,35.391715999999974,10.365472249999995,8.801332015624997,8.703573250976559,32,shuffled,16,,,,,
pir-cold-extensions-v1,dense,4,bit-owners,2,4,8,4,1,32,1024,1,5,20,5.417051000000001,5.383460250000002,5.4431864999999995,0.1247645,17.036911999999997,0,51140,85,12.190165499999999,3.398609,77.198,113,2400,128232,198.2015285,225.991689,29663232,True,,24.0,22.453962999999998,6.481858000000001,5.483601437500001,5.421210402343751,32,clustered,16,,,,,
pir-cold-extensions-v1,dense,4,bit-owners,2,4,8,4,1,32,1024,1,5,20,7.747232000000001,7.670825250000002,7.909466000000001,0.1251855,18.17392799999999,0,51140,85,12.153559999999999,4.9040335,78.688,113,3420,191932,203.650762,208.195108,29659136,True,,34.0,25.92115999999999,8.8831025,7.818223906250001,7.751668994140626,32,shuffled,16,,,,,
pir-cold-extensions-v1,dense,4,bit-owners,2,8,8,4,1,32,1024,1,5,20,0.9225752499999998,0.9155432499999999,0.9850937500000001,0.13625875,13.312953,0,53380,84,9.2565675,0.5993934999999999,71.27600000000001,112,624,13187,184.0772225,193.137928,29569024,True,,4.0,14.23552825,1.7546348125,0.9745789726562498,0.9258254826660155,32,clustered,16,,,,,
pir-cold-extensions-v1,dense,4,bit-owners,2,8,8,4,1,32,1024,1,5,20,1.4002827499999997,1.3920875000000001,1.43868,0.12332225,14.043748,0,53380,84,9.425507,0.887327,71.52850000000001,112,828,25917,186.0272605,190.016561,29556736,True,,6.0,15.44403075,2.2780169999999997,1.4551411406249997,1.4037113994140622,32,shuffled,16,,,,,
pir-cold-extensions-v1,dense,4,bit-owners-raw,2,1,8,4,1,32,1024,1,5,20,9.5872,9.572556250000005,9.636846000000002,0.129752,43.16563999999997,0,50980,86,28.134521499999998,6.6362995,96.13050000000001,114,4640,207376,233.4269705,237.927766,29941760,True,,48.0,52.75283999999996,12.285052499999997,9.75581578125,9.597738486328124,32,clustered,16,,,,,
pir-cold-extensions-v1,dense,4,bit-owners-raw,2,1,8,4,1,32,1024,1,5,20,9.64483075,9.572694999999994,9.7898195,0.12496475,43.596735000000024,0,50980,86,28.5747505,6.6532595,96.89699999999999,114,4640,207374,233.1109525,236.305491,29954048,True,,48.0,53.24156575000002,12.369626687500002,9.81513049609375,9.65547448413086,32,shuffled,16,,,,,
pir-cold-extensions-v1,dense,4,bit-owners-raw,2,2,8,4,1,32,1024,1,5,20,8.665441999999993,8.65164725,8.793961,0.121073,26.484672000000003,0,50980,85,17.4859195,5.764049,84.79499999999999,113,3952,205575,213.174852,224.336805,29790208,True,,40.0,35.150113999999995,10.320733999999995,8.768897749999994,8.671907984374993,32,clustered,16,,,,,
pir-cold-extensions-v1,dense,4,bit-owners-raw,2,2,8,4,1,32,1024,1,5,20,8.639785749999998,8.6094715,8.748791999999998,0.12612,26.587828000000016,0,50980,85,17.288922499999998,5.7084755000000005,84.591,113,3952,205567,211.8835955,217.2161,29749248,True,,40.0,35.22761375000002,10.301524999999998,8.743644453124999,8.646276918945311,32,shuffled,16,,,,,
pir-cold-extensions-v1,dense,4,bit-owners-raw,2,4,8,4,1,32,1024,1,5,20,5.422783249999997,5.3620294999999984,5.508490250000001,0.1369525,17.253164000000012,0,51140,85,12.039177,3.4434449999999996,77.05349999999999,113,2400,128238,198.55505649999998,215.914819,29642752,True,,24.0,22.675947250000007,6.501105999999997,5.4901784218749965,5.4269954482421845,32,clustered,16,,,,,
pir-cold-extensions-v1,dense,4,bit-owners-raw,2,4,8,4,1,32,1024,1,5,20,7.730200999999999,7.7000675,7.99389025,0.11507675,18.468808,0,51140,85,11.9947135,4.8812415,78.94449999999999,113,3420,191931,203.4430185,238.978644,29700096,True,,34.0,26.199008999999997,8.884501499999999,7.8023447812499995,7.734709986328125,32,shuffled,16,,,,,
pir-cold-extensions-v1,dense,4,bit-owners-raw,2,8,8,4,1,32,1024,1,5,20,0.94270875,0.92348925,1.0194767500000002,0.14133325,13.375876,0,53380,84,9.389153,0.604474,72.25999999999999,112,624,13186,185.6924635,275.724973,29589504,True,,4.0,14.31858475,1.7787009999999999,0.994958265625,0.9459743447265625,32,clustered,16,,,,,
pir-cold-extensions-v1,dense,4,bit-owners-raw,2,8,8,4,1,32,1024,1,5,20,1.404681,1.3825979999999998,1.52523825,0.1294735,14.249030000000001,0,53380,84,9.404212999999999,0.8826155,71.7545,112,828,25918,185.720417,274.247678,29585408,True,,6.0,15.653711000000001,2.2952453750000004,1.4603412734375,1.4081597670898438,32,shuffled,16,,,,,
pir-cold-extensions-v1,dense,4,packed-wavelet,2,1,8,4,1,32,1024,1,5,20,4.20652575,4.19751325,4.250617999999999,0.12467225,47.895726999999994,0,74420,240,28.2997955,4.1815075,94.06,274,4460,12553,225.72871650000002,308.019775,29908992,True,,34.0,52.10225274999999,7.2000086875,4.39361843359375,4.218219042724609,32,clustered,16,,,,,
pir-cold-extensions-v1,dense,4,packed-wavelet,2,1,8,4,1,32,1024,1,5,20,4.16478725,4.134814250000001,4.187118,0.1251505,48.391366000000005,0,74420,240,28.650862,4.1331825,94.34799999999998,274,4460,12553,225.0415385,229.4395,29949952,True,,34.0,52.55615325000001,7.189247625,4.3538160234375,4.1766015483398435,32,shuffled,16,,,,,
pir-cold-extensions-v1,dense,4,packed-wavelet,2,2,8,4,1,32,1024,1,5,20,2.32523875,2.3031135,2.36367575,0.12111825,29.220827,0,65972,239,17.194537,2.2498085000000003,81.21449999999999,273,2828,7209,202.4276005,207.082434,29745152,True,,18.0,31.54606575,4.1515404375,2.43938260546875,2.3323727409667967,32,clustered,16,,,,,
pir-cold-extensions-v1,dense,4,packed-wavelet,2,2,8,4,1,32,1024,1,5,20,2.3147640000000003,2.30037375,2.4416972500000003,0.117564,29.803955,0,65972,239,17.597131,2.2409325,81.62549999999999,273,2828,7206,203.6015455,235.781197,29769728,True,,18.0,32.118719,4.1775111875,2.43118569921875,2.322040356201172,32,shuffled,16,,,,,
pir-cold-extensions-v1,dense,4,packed-wavelet,2,4,8,4,1,32,1024,1,5,20,1.4735027499999998,1.39924025,1.4865105,0.1345985,21.932591000000002,0,65972,364,12.069638,1.276431,74.93199999999999,398,2012,5557,191.849178,198.665838,29605888,True,,10.0,23.406093750000004,2.8442896875,1.5591769335937498,1.478857386474609,32,clustered,16,,,,,
pir-cold-extensions-v1,dense,4,packed-wavelet,2,4,8,4,1,32,1024,1,5,20,1.43780425,1.41832625,1.51214775,0.12365525,22.081795,0,65972,364,12.1940305,1.3030565,75.07249999999999,398,2012,5555,193.0572035,195.23998,29597696,True,,10.0,23.51959925,2.8179164375,1.52406126171875,1.4431953132324218,32,shuffled,16,,,,,
pir-cold-extensions-v1,dense,4,packed-wavelet,2,8,8,4,1,32,1024,1,5,20,1.3144422500000001,1.2924682499999998,1.3626432499999999,0.132637,41.20449,0,122996,2122,9.3286965,0.854332,71.8955,2156,1604,18551,186.3423785,191.853683,29622272,True,,6.0,42.51893225,3.8897228750000004,1.4753972890625002,1.3245019399414064,32,clustered,16,,,,,
pir-cold-extensions-v1,dense,4,packed-wavelet,2,8,8,4,1,32,1024,1,5,20,1.2925667499999998,1.2730399999999995,1.3269539999999997,0.12377525,40.750806,0,122996,2122,9.459572,0.8304185,71.7895,2156,1604,18550,186.02324099999998,191.440732,29597696,True,,6.0,42.043372749999996,3.8394921249999996,1.4517495859374998,1.3025156772460935,32,shuffled,16,,,,,
pir-cold-large-frontier-v1,dense,8,directory,2,456,8,4,1,32,65536,1,5,40,4.137909,4.131368625,4.210156499999997,0.13687375,305.85624900000005,0,3217824,868,6.6551884999999995,1.4253395,69.419,900,118,178976,185.6293255,208.438613,30109696,True,,1.0,309.994158,23.253924562500004,5.33265997265625,4.212580935791015,32,clustered,16,hashed,,,,
pir-cold-large-frontier-v1,dense,8,directory,2,22,8,4,1,32,65536,1,5,40,0.8589572500000009,0.8144735000000004,0.8854991249999986,0.153134,312.4836879999999,0,3218400,15995,6.736102499999999,0.33595050000000004,68.576,16027,830,8850,181.81478750000002,215.762092,29704192,True,,1.0,313.3426452499999,20.389187749999994,2.0795966562500006,0.9352472128906258,32,clustered,16,hashed,,,,
pir-cold-large-frontier-v1,dense,8,directory,2,6,8,4,1,32,65536,1,5,40,1.0144103750000009,0.9643523749999974,1.1161892500000008,0.253657625,329.20378,0,3233504,58360,7.0856615000000005,0.6083685,69.65549999999999,58392,2814,2578,183.85253,227.270826,30208000,True,,1.0,330.218190375,21.589646625,2.300362640625001,1.0947823916015633,32,clustered,16,hashed,,,,
pir-cold-large-frontier-v1,dense,8,directory,2,2,8,4,1,32,65536,1,5,40,1.3622311249999983,1.2834051249999987,1.4132993749999998,0.515164375,357.682783,0,3276800,174861,7.555779,1.5590549999999999,71.30599999999998,174893,8274,1010,186.4854435,226.382951,31645696,True,,1.0,359.04501412499997,23.717405062499996,2.759429496093748,1.4495560231933577,32,clustered,16,hashed,,,,
pir-cold-large-frontier-v1,dense,8,xor,2,16,8,4,1,32,65536,1,5,40,1.664134250000002,1.5312719999999995,1.6776814999999976,0.117644125,711.549687,0,6055632,80,6.587902,0.2937465,67.85499999999999,108,23022,738,182.6240315,190.488033,29671424,True,,1.0,713.2138212499999,46.1359896875,4.443625214843752,1.8378524353027363,32,clustered,16,hashed,,,,
pir-cold-large-frontier-v1,dense,8,binary-tags,2,16,8,4,1,32,65536,1,5,40,3.833495625000003,3.416843374999986,4.82843162499999,0.13008225,637.7181629999999,0,9633792,106,6.5672575,0.540401,68.2845,136,18678,10042,183.66279200000002,217.838016,29581312,True,,3.0,641.5516586249998,43.6908808125,6.324582199218753,3.9891885358886747,32,clustered,16,hashed,,,,
pir-cold-large-frontier-v1,dense,8,directory,2,456,8,4,1,96,65536,1,5,40,9.103317874999998,9.007888375000006,9.158684374999998,0.125605,496.59472399999987,0,7420320,871,6.598814,2.9382764999999997,70.7265,903,118,412449,192.4890325,200.795061,30437376,True,,1.0,505.6980418749999,40.14048812499999,11.043141015624999,9.224556821289061,32,clustered,16,hashed,,,,
pir-cold-large-frontier-v1,dense,8,directory,2,22,8,4,1,96,65536,1,5,40,1.4114083750000002,1.3844035000000008,1.4470449999999948,0.151616125,497.73723999999993,0,7414240,15996,6.6844535,0.36637299999999995,67.923,16028,830,20113,181.1210055,189.961428,29712384,True,,1.0,499.14864837499994,32.519985874999996,3.35569446875,1.5329262558593753,32,clustered,16,hashed,,,,
pir-cold-large-frontier-v1,dense,8,directory,2,6,8,4,1,96,65536,1,5,40,1.4642347499999941,1.3697674999999974,1.5412206249999971,0.23848275,514.971129,0,7428320,58363,6.8881795,0.6121795,68.7785,58395,2814,5649,181.720979,197.393911,30175232,True,,1.0,516.43536375,33.6499303125,3.475840722656244,1.5899601232910099,32,clustered,16,hashed,,,,
pir-cold-large-frontier-v1,dense,8,directory,2,2,8,4,1,96,65536,1,5,40,1.8427540000000036,1.7878678749999959,1.9800865000000012,0.481884125,540.06902,0,7471104,174862,7.4881165,1.518237,70.29799999999999,174894,8274,2034,183.61829949999998,188.361514,31653888,True,,1.0,541.911774,35.59706775000001,3.9523986093750034,1.974606788085941,32,clustered,16,hashed,,,,
pir-cold-large-frontier-v1,dense,8,xor,2,16,8,4,1,96,65536,1,5,40,2.4789396249999998,2.333064000000005,2.5471828750000056,0.128574625,990.176465,0,11927760,80,6.563943500000001,0.31393499999999996,67.476,108,23022,1250,181.6526435,210.855047,29634560,True,,1.0,992.655404625,64.3649686875,6.34681644140625,2.7206819260253905,32,clustered,16,hashed,,,,
pir-cold-large-frontier-v1,dense,8,binary-tags,2,16,8,4,1,96,65536,1,5,40,7.49483887499999,7.160064374999989,8.383196874999982,0.128762125,1220.826097,0,22216704,108,6.638401,0.6646380000000001,68.65950000000001,138,18678,22332,189.3518925,204.309448,29552640,True,,3.0,1228.3209358749998,83.79646993749998,12.263690816406239,7.792892121337881,32,clustered,16,hashed,,,,
pir-cold-large-frontier-v1,dense,8,directory,2,1821,8,4,1,32,262144,1,5,40,16.178072125,16.07165475,16.196478000000003,0.118438,1272.908457,0,12849264,871,6.5851939999999995,5.8511375,73.1105,903,118,714057,206.656374,213.2298,31698944,True,,1.0,1289.086529125,95.7348506875,21.150370785156248,16.488840791259765,32,clustered,16,hashed,,,,
pir-cold-large-frontier-v1,dense,8,directory,2,87,8,4,1,32,262144,1,5,40,2.1655547500000036,2.1068348749999957,2.2286354999999927,0.159103875,1270.507258,0,12854710,16175,6.713013500000001,0.4967095,68.07050000000001,16207,838,34330,187.327581,223.845831,29769728,True,,1.0,1272.67281275,81.572258375,7.128473726562504,2.47573718603516,32,clustered,16,hashed,,,,
pir-cold-large-frontier-v1,dense,8,directory,2,22,8,4,1,32,262144,1,5,40,2.0433759999999914,1.9257853749999987,2.067979124999994,0.26186525,1285.5129299999999,0,12869280,63651,6.9139725,0.655241,68.9035,63683,3062,8850,187.1715715,207.848816,30400512,True,,1.0,1287.556306,82.38793412499999,7.064910882812491,2.357221930175773,32,clustered,16,hashed,,,,
pir-cold-large-frontier-v1,dense,8,directory,2,6,8,4,1,32,262144,1,5,40,2.932448499999997,2.8539891250000045,3.4784325000000003,0.573696125,1369.936324,0,12932832,233121,8.015109500000001,2.2094405,72.7285,233153,11006,2578,195.640391,227.38906,32243712,True,,1.0,1372.8687725,88.55346875,8.283762265624997,3.2669056103515595,32,clustered,16,hashed,,,,
pir-cold-large-frontier-v1,dense,8,xor,2,16,8,4,1,32,262144,1,5,40,5.086105375000013,4.735919499999994,5.385942000000004,0.132151125,3260.2251939999996,0,24222132,81,6.6424225,0.700654,69.0415,109,91834,740,191.502847,202.141248,29896704,True,,1.0,3265.3112993749996,208.85018,17.82136003906251,5.882058791503919,32,clustered,16,hashed,,,,
pir-cold-large-frontier-v1,dense,8,binary-tags,2,16,8,4,1,32,262144,1,5,40,15.470907749999993,14.762061750000042,15.708177999999974,0.12576925,2709.688766999999,0,38535168,107,6.633636,1.0015654999999999,68.789,137,73974,10044,201.12634100000002,213.892646,29589504,True,,3.0,2725.1596747499993,184.82645568749993,26.05562949609374,16.13245285913085,32,clustered,16,hashed,,,,
pir-cold-large-frontier-v1,dense,8,directory,2,1821,8,4,1,96,262144,1,5,40,36.71742662499999,36.50151287499999,37.33165812500002,0.135461,2110.0750759999996,0,29631600,872,6.6496555,10.742498000000001,78.45049999999999,904,118,1646412,231.678798,252.646188,33325056,True,online-wire,1.0,2146.7925026249995,168.59711887499998,44.959907390624984,37.23258167285155,32,clustered,16,hashed,,,,
pir-cold-large-frontier-v1,dense,8,directory,2,87,8,4,1,96,262144,1,5,40,4.128352750000023,4.020041000000006,4.202952875,0.161661,2111.0771109999996,0,29636662,16178,6.669109499999999,0.7035045,68.3505,16210,838,78876,189.9058215,207.60192,29839360,True,,1.0,2115.2054637499996,136.0706721875,12.374747714843771,4.6437524353027575,32,clustered,16,hashed,,,,
pir-cold-large-frontier-v1,dense,8,directory,2,22,8,4,1,96,262144,1,5,40,3.3266908750000024,3.148544000000011,3.8299898749999852,0.26408325,2135.300016,0,29647008,63652,6.8850745,0.707148,68.6395,63684,3062,20116,189.35222900000002,227.65526,30384128,True,,1.0,2138.6267068750003,136.782941875,11.667706562500003,3.8480043554687526,32,clustered,16,hashed,,,,
pir-cold-large-frontier-v1,dense,8,directory,2,6,8,4,1,96,262144,1,5,40,4.069712750000001,4.018320749999989,4.488139374999992,0.559863,2220.7741859999996,0,29710560,233124,7.779486,2.1312545,71.2745,233156,11006,5652,194.011214,199.618997,32223232,True,,1.0,2224.8438987499994,142.86809937499999,12.7446119140625,4.611893947753907,32,clustered,16,hashed,,,,
pir-cold-large-frontier-v1,dense,8,xor,2,16,8,4,1,96,262144,1,5,40,7.640266375000037,7.5472238750000304,8.019205000000044,0.125534,4491.884996000001,0,47710260,81,6.612355,0.6737845,68.4795,109,91834,1252,194.5830715,198.647973,29900800,True,,1.0,4499.525262375001,288.38307862500005,25.18669214062504,8.7369179853516,32,clustered,16,hashed,,,,
pir-cold-bit64-v1,dense,4,bit-owners,2,1,8,4,1,32,1024,1,5,20,15.241680749999999,15.20495975,15.383506000000002,0.13030275,160.823485,0,51460,500,91.81645549999999,12.505373500000001,167.46949999999998,532,8768,218202,356.2212245,408.698041,31121408,True,,96.0,176.06516575,25.2931485625,15.869897488281248,15.280944296142577,32,shuffled,64,hashed,,,,
pir-cold-bit64-v1,dense,4,bit-owners,2,2,8,4,1,32,1024,1,5,20,11.495740499999997,11.3404935,11.649292500000005,0.12634275,85.26924000000001,0,51460,308,48.728252499999996,8.57029,118.16149999999999,340,6016,210962,271.4724155,278.917502,30339072,True,,64.0,96.76498050000001,16.825067999999998,11.828823468749997,11.516558185546872,32,shuffled,64,hashed,,,,
pir-cold-bit64-v1,dense,4,bit-owners,2,4,8,4,1,32,1024,1,5,20,9.056050749999995,9.031698250000002,9.096276000000003,0.113912,48.961460999999986,0,52100,228,27.9348645,6.1547315000000005,95.755,260,4500,194654,231.452553,261.963527,30003200,True,,46.0,58.01751174999998,12.116142062499994,9.247306457031245,9.068004231689448,32,shuffled,64,hashed,,,,
pir-cold-bit64-v1,dense,4,bit-owners,2,8,8,4,1,32,1024,1,5,20,3.7633374999999996,3.697219250000001,3.8174330000000003,0.13300275,38.54453699999999,0,61060,179,17.487127,2.549284,81.574,211,2802,71835,203.7840745,232.90755,29777920,True,,19.0,42.30787449999999,6.172371062499999,3.9139020976562495,3.772747787353515,32,shuffled,64,hashed,,,,
pir-cold-bit64-v1,dense,4,packed-wavelet,2,1,8,4,1,32,1024,1,5,20,15.38356925,15.17276125,15.486629,0.113203,180.36536399999997,0,137780,1166,88.92875649999999,15.698819499999999,168.6035,1204,14252,47687,354.46533750000003,375.204395,31100928,True,,130.0,195.74893324999996,26.6564045,16.088121453125,15.427603762695313,32,shuffled,64,hashed,,,,
pir-cold-bit64-v1,dense,4,packed-wavelet,2,2,8,4,1,32,1024,1,5,20,7.994464499999999,7.90924225,8.038488000000001,0.12197675,98.57988800000001,0,103988,910,49.930319,8.045967000000001,118.71799999999999,948,7724,26295,267.39801950000003,277.766628,30367744,True,,66.0,106.5743525,14.1557075,8.3795421875,8.01853185546875,32,shuffled,64,hashed,,,,
pir-cold-bit64-v1,dense,4,packed-wavelet,2,4,8,4,1,32,1024,1,5,20,4.36173075,4.32143625,4.40295775,0.119668,67.357236,0,103988,1279,28.144393,4.224328,93.4665,1317,4460,19718,225.5087605,238.742142,29974528,True,,34.0,71.71896675,8.571558,4.624844953125001,4.378175387695313,32,shuffled,64,hashed,,,,
pir-cold-bit64-v1,dense,4,packed-wavelet,2,8,8,4,1,32,1024,1,5,20,3.8355409999999996,3.79297225,3.9085642500000004,0.13998575,173.1916,0,332084,8255,17.2398635,2.4429815,81.006,8293,2828,71704,202.834739,221.307596,29880320,True,,18.0,177.027141,14.660015999999999,4.5120706875,3.8778241054687497,32,shuffled,64,hashed,,,,
pir-cold-bit64-v1,dense,4,binary-patricia,2,1,8,4,1,32,1024,1,5,20,1.77617425,1.7581027499999988,1.845605500000001,0.12754474999999998,14.330762000000007,0,133464,100,6.596406,1.52169,69.24700000000001,132,4968,12131,182.325465,192.535818,29544448,True,,12.0,16.106936250000008,2.6718468750000004,1.8321537890625,1.779672971191406,32,shuffled,64,hashed,,,,
pir-cold-bit64-v1,dense,4,binary-patricia,2,2,8,4,1,32,1024,1,5,20,1.2507365,1.2326549999999994,1.268398749999999,0.1350385,12.374189,0,112359,99,6.603048,1.0390755,68.8615,131,2896,8085,180.812187,186.393843,29536256,True,,8.0,13.6249255,2.0241233125,1.29907317578125,1.253757542236328,32,shuffled,64,hashed,,,,
pir-cold-bit64-v1,dense,4,binary-patricia,2,4,8,4,1,32,1024,1,5,20,0.8434355,0.8272017499999998,0.8563977500000003,0.11478125,11.204265999999999,0,103716,99,6.577669500000001,0.660133,68.40950000000001,131,1710,5055,179.4213335,186.891794,29564928,True,,5.0,12.047701499999999,1.5437021249999998,0.8872021640625,0.8461709165039063,32,shuffled,64,hashed,,,,
pir-cold-bit64-v1,dense,4,binary-patricia,2,8,8,4,1,32,1024,1,5,20,0.9236022500000002,0.8594929999999993,0.9252655000000013,0.124264,27.737427999999994,0,546858,101,6.583723,0.434143,68.062,133,1050,12930,179.277289,184.802318,29519872,True,,3.0,28.661030249999996,2.6571914999999997,1.0319515781250002,0.9303740830078127,32,shuffled,64,hashed,,,,
pir-cold-bit64-v1,dense,4,directory,2,16,8,4,1,32,1024,1,5,20,0.4588692500000001,0.42117250000000006,0.4973437499999999,0.143755,7.386724999999999,0,50304,441,6.5743155,0.210822,67.9565,473,98,6494,177.5826465,182.552446,29515776,True,,1.0,7.8455942499999995,0.9205395625000001,0.4877236445312501,0.46067264965820326,32,shuffled,64,hashed,,,,
pir-cold-bit64-v1,dense,4,binary-tags,2,16,8,4,1,32,1024,1,5,20,0.5527174999999998,0.5352390000000001,0.5690969999999997,0.12307675,10.385625,0,100352,102,6.5757425000000005,0.318995,68.3625,132,292,6684,180.6283645,211.701144,29536256,True,,2.0,10.9383425,1.2018190624999998,0.5932863476562498,0.5552530529785153,32,shuffled,64,hashed,,,,
pir-cold-bit64-v1,dense,4,xor,2,16,8,4,1,32,1024,1,5,20,0.30485325000000013,0.2683742500000002,0.32029899999999994,0.12614275,12.716790999999999,0,94644,76,6.5725175,0.19058049999999999,68.019,104,442,735,177.98886349999998,189.137271,29569024,True,,1.0,13.02164425,1.0996526875000001,0.35452821484375013,0.3079579353027345,32,shuffled,64,hashed,,,,
pir-cold-bit64-v1,dense,4,bit-owners,2,1,8,4,1,32,16384,1,5,20,139.01802375000005,137.8412042499998,139.71994750000005,0.12658075000000002,447.91211999999973,0,791684,567,92.2748465,82.77294499999999,237.51,599,180608,3277647,563.9145575,573.208929,31154176,True,online-wire,576.0,586.9301437499998,167.01253125000005,140.76768046875006,139.12737729492193,32,shuffled,64,hashed,,,,
pir-cold-bit64-v1,dense,4,bit-owners,2,2,8,4,1,32,16384,1,5,20,134.8943947500003,134.66010050000017,135.5825854999999,0.11465825,285.9915419999993,0,791876,343,49.5394485,78.18337500000001,188.599,375,177856,3269631,476.8604765,487.246511,30371840,True,online-wire,544.0,420.8859367499996,152.76886612500024,136.01154921093777,134.96421690380888,32,shuffled,64,hashed,,,,
pir-cold-bit64-v1,dense,4,bit-owners,2,4,8,4,1,32,16384,1,5,20,119.42881675000025,118.42368575000008,120.29536100000003,0.11040575,220.889057999999,0,806660,247,27.588456,64.3658935,153.539,279,157734,2918318,413.1922165,422.913636,30429184,True,online-wire,473.0,340.31787474999925,133.2343828750002,120.29166463281275,119.48274474267603,32,shuffled,64,hashed,,,,
pir-cold-bit64-v1,dense,4,bit-owners,2,8,8,4,1,32,16384,1,5,20,23.433996000000022,23.175536250000015,25.74680025,0.1340495,236.71081999999993,0,923140,189,17.6250265,12.8351445,91.55349999999999,221,31092,551339,238.14223149999998,285.402065,29835264,True,,94.0,260.14481599999993,38.228422250000015,24.358647640625023,23.491786727539083,32,shuffled,64,hashed,,,,
pir-cold-bit64-v1,dense,4,packed-wavelet,2,1,8,4,1,32,16384,1,5,20,16.422657,16.369233750000003,19.5363515,0.1246445,654.2426100000001,0,2165300,1296,91.99544800000001,15.954069,170.80899999999997,1334,60332,47688,364.43302300000005,515.301529,31109120,True,,130.0,670.6652670000001,57.31282012500001,18.978292195312502,16.582384199707032,32,shuffled,64,hashed,,,,
pir-cold-bit64-v1,dense,4,packed-wavelet,2,2,8,4,1,32,16384,1,5,20,8.683306749999998,8.63226525,8.730659750000001,0.11817025,471.915768,0,1639988,1072,49.880030500000004,8.189499999999999,119.24549999999999,1110,38444,26303,273.0184005,288.652172,30367744,True,,66.0,480.59907475,38.17804225,10.526727718749997,8.798520560546873,32,shuffled,64,hashed,,,,
pir-cold-bit64-v1,dense,4,packed-wavelet,2,4,8,4,1,32,16384,1,5,20,4.9305822500000005,4.876124999999999,4.965735999999997,0.1242985,536.691358,0,1639988,1647,27.4688285,4.3745525,93.4145,1685,27500,19726,225.96493750000002,231.248937,29990912,True,,34.0,541.6219402500001,38.473792125,7.027032867187501,5.061610413574219,32,shuffled,64,hashed,,,,
pir-cold-bit64-v1,dense,4,packed-wavelet,2,8,8,4,1,32,16384,1,5,20,4.988685249999998,4.896194250000003,5.02934475,0.1487095,2783.0165700000002,0,5185844,11131,17.546037499999997,2.509064,81.255,11169,22028,71712,203.815975,210.729873,29917184,True,,18.0,2788.00525525,178.92722087500002,15.859843726562499,5.668132654785154,32,shuffled,64,hashed,,,,
pir-cold-bit64-v1,dense,4,binary-patricia,2,1,8,4,1,32,16384,1,5,20,4.804289749999999,4.708965249999998,4.819930249999985,0.12721675,189.5830180000001,0,2110902,104,6.5901415,2.4366839999999996,70.87100000000001,136,90678,17233,188.52788850000002,210.050528,29532160,True,,17.0,194.3873077500001,16.653228375000005,5.544848414062499,4.850574666503905,32,shuffled,64,hashed,,,,
pir-cold-bit64-v1,dense,4,binary-patricia,2,2,8,4,1,32,16384,1,5,20,2.742175749999999,2.718998000000001,2.8415267499999945,0.11774175,155.175248,0,1778046,102,6.735706,1.4212605,70.08849999999998,134,45060,10137,185.56284499999998,203.663295,29573120,True,,10.0,157.91742375,12.44062875,3.348329062499999,2.780060332031249,32,shuffled,64,hashed,,,,
pir-cold-bit64-v1,dense,4,binary-patricia,2,4,8,4,1,32,16384,1,5,20,1.820536,1.787054999999999,1.8559617499999992,0.13125425,142.818828,0,1678551,101,6.7002205,0.8951015,69.34649999999999,133,25548,6083,182.34875399999999,196.330747,29560832,True,,6.0,144.639364,10.74671275,2.378422046875,1.8554038779296875,32,shuffled,64,hashed,,,,
pir-cold-bit64-v1,dense,4,binary-patricia,2,8,8,4,1,32,16384,1,5,20,4.306536500000002,3.5651225000000006,4.797528499999997,0.134954,397.40996600000005,0,8205948,103,6.6389309999999995,0.6417275,68.274,135,16328,17260,182.3100785,196.328586,29515776,True,,4.0,401.71650250000005,29.144659375000003,5.858919179687502,4.40356041748047,32,shuffled,64,hashed,,,,
pir-cold-bit64-v1,dense,4,directory,2,16,8,4,1,32,16384,1,5,20,0.5344324999999996,0.5172402499999998,0.5556425000000005,0.1449675,77.156672,0,804864,5562,6.568573000000001,0.2347515,67.918,5594,338,6496,179.5803285,185.913882,29593600,True,,1.0,77.6911045,5.3567244999999994,0.8358257499999997,0.5532695781249997,32,shuffled,64,hashed,,,,
pir-cold-bit64-v1,dense,4,binary-tags,2,16,8,4,1,32,16384,1,5,20,1.3156307499999986,1.3021319999999998,1.3761282500000034,0.11905675,156.34346899999997,0,2408448,105,6.628793,0.481992,68.654,135,4854,10038,183.480358,202.206764,29536256,True,,3.0,157.65909974999997,11.087097562499997,1.9263474257812485,1.3538005422363268,32,shuffled,64,hashed,,,,
pir-cold-bit64-v1,dense,4,xor,2,16,8,4,1,32,16384,1,5,20,0.6250517499999995,0.5941719999999995,0.6292245000000021,0.119034,171.24813699999999,0,1513908,79,6.634703,0.2130765,68.74249999999999,107,5818,738,182.0394585,196.828083,29626368,True,,1.0,171.87318875,11.328060312499998,1.2939897851562494,0.6668603771972651,32,shuffled,64,hashed,,,,
pir-cold-reuse-v1,dense,8,binary-tags,2,16,8,4,1,32,1024,1,5,40,0.569433,0.5354862499999999,0.607760875,0.131136875,10.969064,0,100352,102,6.684276499999999,0.321298,68.87049999999999,132,292,6685,180.5464355,264.205988,29540352,True,,2.0,11.538497,1.2549994999999998,0.61228090625,0.5721109941406249,32,clustered,16,hashed,,,,
pir-cold-reuse-v1,singlepass,8,binary-tags,2,16,8,4,1,32,1024,1,5,40,5.579583249999998,5.5599479999999994,5.742242250000002,4.808336874999998,10.300768999999995,0,100352,27238,7.84199,0.369669,70.1355,202592,223,25666,186.033896,215.184981,30023680,True,,2.0,15.880352249999994,6.223381312499997,5.619820628906248,5.582098086181639,32,clustered,16,hashed,,,,
pir-cold-reuse-v1,dense,8,binary-tags,2,16,8,4,2,32,1024,1,5,80,0.44284393749999995,0.438254375,0.450286,0.113668125,10.25451,0,100352,102,6.6294319999999995,0.30610950000000003,68.61749999999999,132,292,6687,179.9442675,223.354842,29556736,True,,2.0,10.697353937499999,1.0837508125,0.48290061718749994,0.4453474799804687,32,clustered,16,hashed,,,,
pir-cold-reuse-v1,singlepass,8,binary-tags,2,16,8,4,2,32,1024,1,5,80,3.1692560625000006,3.1657680624999998,3.1847551249999992,4.789723624999999,10.73493599999999,0,100352,27238,7.712708,0.3558865,69.92750000000001,202592,223,25666,185.579389,190.800973,30056448,True,,2.0,13.904192062499991,3.8401895625,3.2111894062500004,3.1718768964843758,32,clustered,16,hashed,,,,
pir-cold-reuse-v1,dense,8,binary-tags,2,16,8,4,4,32,1024,1,5,160,0.4031127500000001,0.3992712187500002,0.4202186875000001,0.123879625,11.106371000000003,0,100352,102,6.597291,0.2717365,69.172,132,292,6688,181.1289505,186.151683,29548544,True,,2.0,11.509483750000003,1.0972609375000002,0.4464970117187501,0.40582426635742197,32,clustered,16,hashed,,,,
pir-cold-reuse-v1,singlepass,8,binary-tags,2,16,8,4,4,32,1024,1,5,160,2.0362335,2.0200416875000005,2.0421196562499992,4.953453375000001,11.141667000000012,0,100352,27238,7.7529845,0.33284,70.61599999999999,202592,223,25668,188.45107000000002,194.004526,30035968,True,,2.0,13.177900500000012,2.7325876875000006,2.0797556367187497,2.0389536335449217,32,clustered,16,hashed,,,,
pir-cold-reuse-v1,dense,8,binary-tags,2,16,8,4,16,32,1024,1,5,640,0.36699390625000006,0.36449310937499996,0.37677688281250027,0.135193125,14.75205699999998,0,100352,102,6.6436705,0.26874050000000005,72.637,132,292,6692,189.50053200000002,202.701348,29556736,True,,2.0,15.11905090624998,1.2889974687499988,0.42461912890625,0.37059548266601566,32,clustered,16,hashed,,,,
pir-cold-reuse-v1,singlepass,8,binary-tags,2,16,8,4,16,32,1024,1,5,640,1.1237939609375005,1.1211708359375003,1.1259681562500004,4.9882807499999995,15.25248499999995,0,100352,27238,7.7936355,0.324966,74.63049999999998,202592,223,25668,204.042528,227.200244,30081024,True,,2.0,16.37627896093745,2.077074273437497,1.1833739804687502,1.1275177121582036,32,clustered,16,hashed,,,,
pir-cold-reuse-v1,dense,8,binary-tags,2,16,8,4,1,32,16384,1,5,40,1.3296257499999977,1.3191668750000025,1.3898447500000022,0.116168875,156.157058,0,2408448,105,6.6272459999999995,0.47785500000000003,68.54400000000001,135,4854,10038,181.54385,187.555368,29564928,True,,3.0,157.48668375,11.089441874999999,1.9396142578124977,1.367750031738279,32,clustered,16,hashed,,,,
pir-cold-reuse-v1,singlepass,8,binary-tags,2,16,8,4,1,32,16384,1,5,40,119.197970375,118.19716687500001,120.5125085,117.952493,158.92118900000025,0,2408448,651369,29.084561,0.566244,91.24349999999998,4857249,366,38511,315.595013,323.643778,36126720,True,,3.0,278.11915937500027,129.13054468750002,119.81875626953125,119.2367694934082,32,clustered,16,hashed,,,,
pir-cold-reuse-v1,dense,8,binary-tags,2,16,8,4,2,32,16384,1,5,80,1.0661461874999985,1.0596371875000001,1.0961438125000007,0.11920825,156.117821,0,2408448,105,6.6354195,0.4656075,68.92499999999998,135,4854,10038,182.74493999999999,186.964651,29548544,True,,3.0,157.1839671875,10.823509999999999,1.6759814257812484,1.1042608898925765,32,clustered,16,hashed,,,,
pir-cold-reuse-v1,singlepass,8,binary-tags,2,16,8,4,2,32,16384,1,5,80,60.102812375000006,59.6917740625,60.42558656249998,117.75764412499998,158.4135000000001,0,2408448,651369,29.0699565,0.5533655,91.42349999999999,4857249,366,38511,316.96249950000004,322.565797,36032512,True,,3.0,218.51631237500013,70.00365612500002,60.72161510937501,60.14148754589844,32,clustered,16,hashed,,,,
pir-cold-reuse-v1,dense,8,binary-tags,2,16,8,4,4,32,16384,1,5,160,0.9242802187499974,0.9138221875000002,0.9579699687500008,0.125488625,155.342541,0,2408448,105,6.703226,0.4283125,70.33249999999998,135,4854,10038,186.436173,213.300146,29560832,True,,3.0,156.26682121875,10.633189031249998,1.5310870195312476,0.9622056437988256,32,clustered,16,hashed,,,,
pir-cold-reuse-v1,singlepass,8,binary-tags,2,16,8,4,4,32,16384,1,5,160,30.584284562499974,30.436568250000008,31.849473531249984,117.35735612499997,159.7460229999997,0,2408448,651369,29.082946999999997,0.493093,92.77799999999999,4857249,366,38513,323.624802,346.444351,36028416,True,,3.0,190.33030756249968,40.568410999999955,31.208292464843723,30.62328505639646,32,clustered,16,hashed,,,,
pir-cold-reuse-v1,dense,8,binary-tags,2,16,8,4,16,32,16384,1,5,640,0.8172058593750002,0.8090830625000007,0.8267572578125006,0.11956649999999999,161.96349099999992,0,2408448,105,6.607153,0.41513350000000004,74.678,135,4854,10038,204.6295075,210.319828,29573120,True,,3.0,162.78069685937493,10.939924046874996,1.44987574609375,0.8567477272949221,32,clustered,16,hashed,,,,
pir-cold-reuse-v1,singlepass,8,binary-tags,2,16,8,4,16,32,16384,1,5,640,8.556855312500014,8.481599335937503,8.710626789062502,117.34773350000003,166.02891899999804,0,2408448,651369,29.0243325,0.483436,98.239,4857250,366,38522,348.71006450000004,360.313436,36122624,True,,3.0,174.58577431249805,18.93366274999989,9.205405777343756,8.597389716552748,32,clustered,16,hashed,,,,
pir-cold-canonical-v1/campaign,dense,4,canonical-directory,1,1,8,4,1,2008,256,1,5,20,0.5362889999999998,0.4828272499999999,0.6350100000000001,0.14129525,1330.772863,1302.455299,521453,2924,6.7764500000000005,7.4000164999999996,76.342,2960,214,8322,194.6135625,302.370908,59170816,True,,1.0,1331.3091519999998,83.70959293749999,5.73462049609375,0.8611847185058592,32,clustered,16,linear,/mnt/c/src/defradb.rs/target/pir-cold-canonical-v1/corpus-256.json,/mnt/c/src/defradb.rs/target/release/examples/cold-canonical,,
pir-cold-canonical-v1/campaign,dense,4,canonical-directory,1,4,8,4,1,2008,256,1,5,20,1.00605425,0.9789454999999996,1.0785612500000004,0.13219375,1330.671496,1302.455299,526760,875,6.7573775000000005,7.3163655,75.851,911,118,32622,193.676671,313.059654,59154432,True,,1.0,1331.67755025,84.17302275,6.20398978125,1.330925220703125,32,clustered,16,linear,/mnt/c/src/defradb.rs/target/pir-cold-canonical-v1/corpus-256.json,/mnt/c/src/defradb.rs/target/release/examples/cold-canonical,,
pir-cold-canonical-v1/campaign,dense,4,canonical-directory,1,16,8,4,1,2008,256,1,5,20,3.0023294999999988,2.9308365000000007,3.125599249999999,0.128675,1332.333569,1302.455299,550868,366,6.707148,7.659924499999999,75.49949999999998,402,94,129822,195.742182,213.863708,59568128,True,,1.0,1335.3358985,86.2731775625,8.206757503906248,3.3276062502441395,32,clustered,16,linear,/mnt/c/src/defradb.rs/target/pir-cold-canonical-v1/corpus-256.json,/mnt/c/src/defradb.rs/target/release/examples/cold-canonical,,
pir-cold-canonical-v1/campaign,dense,4,canonical-directory,1,64,8,4,1,2008,256,1,5,20,11.058416000000001,10.9053435,11.206702,0.13652175,1336.605059,1302.455299,648020,239,6.7352360000000004,10.273935999999999,78.91999999999999,275,86,518621,207.230209,214.551905,60768256,True,,1.0,1347.663475,94.5962321875,16.27952951171875,11.384735594482423,32,clustered,16,linear,/mnt/c/src/defradb.rs/target/pir-cold-canonical-v1/corpus-256.json,/mnt/c/src/defradb.rs/target/release/examples/cold-canonical,,
pir-cold-canonical-v1/campaign,singlepass,4,canonical-directory,1,16,8,4,1,2008,256,1,5,20,32.86512025,32.67571149999999,34.393528499999995,22.244792,1331.941652,1302.455299,550868,162706,11.600000000000001,8.7175435,82.207,1102452,102,518751,231.60063350000001,236.689849,65265664,True,,1.0,1364.80677225,116.11147349999999,38.068017328124995,33.19030131738281,32,clustered,16,linear,/mnt/c/src/defradb.rs/target/pir-cold-canonical-v1/corpus-256.json,/mnt/c/src/defradb.rs/target/release/examples/cold-canonical,,
pir-cold-canonical-v1/campaign,dense,4,canonical-directory,1,1,8,4,1,2008,1024,1,5,20,0.7450270000000009,0.7003239999999996,0.7656207499999993,0.15306725,5237.707681,5129.3770939999995,2079725,11117,6.573978,7.3266504999999995,74.908,11153,598,8326,192.9882065,198.323578,59379712,True,,1.0,5238.452708,328.1017570625,21.20482262890625,2.0237642268066414,32,clustered,16,linear,/mnt/c/src/defradb.rs/target/pir-cold-canonical-v1/corpus-1024.json,/mnt/c/src/defradb.rs/target/release/examples/cold-canonical,,
pir-cold-canonical-v1/campaign,dense,4,canonical-directory,1,4,8,4,1,2008,1024,1,5,20,1.1605165000000028,1.0970179999999998,1.195336250000002,0.156855,5237.040649,5129.3770939999995,2082728,2924,6.599508500000001,7.367730999999999,75.0545,2960,214,32626,192.990361,198.922499,59281408,True,,1.0,5238.2011655,328.4755570625,21.617706535156252,2.4390908771972684,32,clustered,16,linear,/mnt/c/src/defradb.rs/target/pir-cold-canonical-v1/corpus-1024.json,/mnt/c/src/defradb.rs/target/release/examples/cold-canonical,,
pir-cold-canonical-v1/campaign,dense,4,canonical-directory,1,16,8,4,1,2008,1024,1,5,20,3.161618250000002,3.0860374999999998,3.2149057500000007,0.12977175,5231.250456,5129.3770939999995,2106260,878,6.5487645,7.761887999999999,75.5385,914,118,129824,194.857148,204.111827,59518976,True,,1.0,5234.41207425,330.11477175,23.596190343750003,4.438779005859377,32,clustered,16,linear,/mnt/c/src/defradb.rs/target/pir-cold-canonical-v1/corpus-1024.json,/mnt/c/src/defradb.rs/target/release/examples/cold-canonical,,
pir-cold-canonical-v1/campaign,dense,4,canonical-directory,1,64,8,4,1,2008,1024,1,5,20,11.026404000000001,10.914302750000003,11.235361000000001,0.11997075,5253.615188999999,5129.3770939999995,2203268,368,6.6195535,10.133708,78.618,404,94,518624,205.302777,215.52485,60678144,True,,1.0,5264.641592999999,339.37735331249996,31.54833833203125,12.309024895751953,32,clustered,16,linear,/mnt/c/src/defradb.rs/target/pir-cold-canonical-v1/corpus-1024.json,/mnt/c/src/defradb.rs/target/release/examples/cold-canonical,,
pir-cold-canonical-v1/campaign,singlepass,4,canonical-directory,1,16,8,4,1,2008,1024,1,5,20,94.91886149999999,94.36986499999998,98.325865,84.46570424999999,5233.0741929999995,5129.3770939999995,2106260,552834,25.0725165,8.751838,95.969,4214372,108,518753,303.9090535,343.81668,84172800,True,,1.0,5327.9930545,421.98599856249996,115.36055756640624,96.19646750415038,32,clustered,16,linear,/mnt/c/src/defradb.rs/target/pir-cold-canonical-v1/corpus-1024.json,/mnt/c/src/defradb.rs/target/release/examples/cold-canonical,,
pir-cold-finite-frontier-v1/campaign,dense,8,directory,2,6,8,4,1,32,65536,1,5,40,0.954478875000002,0.9179562499999997,1.0030443750000015,0.233576375,331.67987600000004,0,3233504,58360,7.515852000000001,0.5873045,74.42849999999999,58392,2814,2578,205.68037850000002,236.559184,30216192,True,,1.0,332.63435487500004,21.684471125000005,2.250103390625002,1.0354554072265645,32,clustered,16,hashed,,,0,0
pir-cold-finite-frontier-v1/campaign,finite,8,directory,2,6,8,4,1,32,65536,1,5,40,1.800092374999958,1.752275374999979,2.9882051249999684,0.5241926250000093,1333.3109039999997,0,3233504,63904,7.478096000000001,2.0079945,76.2105,58657,72,364880,191.2440145,231.297901,30707712,True,,1.0,1335.1109963749996,85.13202387499994,7.008338093749957,2.125607732421833,32,clustered,16,hashed,,,5,17
pir-cold-finite-frontier-v1/campaign,dense,8,directory,2,16,8,4,1,32,65536,1,5,40,0.8856029999999995,0.8704023750000027,1.3589873750000028,0.170509875,329.266986,0,3219456,21947,7.2298504999999995,0.3672035,74.7195,21979,1106,6498,203.80334,229.075121,29782016,True,,1.0,330.152589,21.464789624999998,2.171802164062499,0.9659904477539057,32,clustered,16,hashed,,,0,0
pir-cold-finite-frontier-v1/campaign,finite,8,directory,2,16,8,4,1,32,65536,1,5,40,4.878173249999965,4.026078499999983,5.210150125,0.43920349999997643,1583.5486180000003,0,3219456,26879,7.2466159999999995,4.225524,76.41900000000001,22246,70,861664,194.37133599999999,231.025307,31326208,True,,1.0,1588.4267912500002,103.84996187499998,11.063910039062467,5.2647817993163715,32,clustered,16,hashed,,,5,16
pir-cold-finite-frontier-v1/campaign,dense,8,directory,2,6,8,4,1,32,262144,1,5,40,2.7700303749999926,2.666972124999993,3.955381625000001,0.639816625,1442.5035579999999,0,12932832,233121,7.6822845,2.140357,71.4795,233153,11006,2578,192.8933495,249.388391,32112640,True,,1.0,1445.273588375,92.92650274999998,8.404809898437492,3.1222040952148364,32,clustered,16,hashed,,,0,0
pir-cold-finite-frontier-v1/campaign,finite,8,directory,2,6,8,4,1,32,262144,1,5,40,3.2428264999974425,2.5637763749994105,5.486383250000622,0.8738264999991197,38179.30170500002,0,12932832,242265,8.0250275,4.651398,74.64150000000001,233436,74,601694,194.3501615,227.687689,32854016,True,,1.0,38182.54453150002,2389.449183062499,152.38072378515378,12.563945080319712,32,clustered,16,hashed,,,5,22
pir-cold-finite-frontier-v1/campaign,dense,8,directory,2,8,8,4,1,32,262144,1,5,40,2.7513772499999827,2.6749529999999915,3.068716624999997,0.5779688749999999,1338.080644,0,12910592,174861,8.1563695,1.5949145,77.091,174893,8274,3362,214.894224,249.373565,31846400,True,,1.0,1340.8320212499998,86.38141749999997,7.978254765624982,3.078057094726545,32,clustered,16,hashed,,,0,0
pir-cold-finite-frontier-v1/campaign,finite,8,directory,2,8,8,4,1,32,262144,1,5,40,2.9298254999996525,2.903638999999123,5.971449375000611,0.797263999999507,25396.185100000006,0,12910592,183213,7.8226695,4.409332,74.3315,175175,74,731486,193.16661499999998,217.037321,32718848,True,,1.0,25399.114925500005,1590.19139425,102.13367354687468,9.130066002929341,32,clustered,16,hashed,,,5,21
pir-cold-finite-frontier-v1/campaign,dense,8,directory,2,16,8,4,1,32,262144,1,5,40,2.276906000000003,2.2255824999999945,2.4612050000000085,0.34745225,1357.6316969999998,0,12877824,87483,7.527267999999999,0.935332,75.5465,87515,4178,6498,211.672531,234.031116,30666752,True,,1.0,1359.9086029999999,87.12888706249998,7.580154816406252,2.608359051025394,32,clustered,16,hashed,,,0,0
pir-cold-sorted-bits-v1/campaign,dense,8,prefix-owner,2,8,8,4,1,32,16384,1,5,40,1.4564088750000004,1.4208150000000002,1.8431946250000002,0.13093625,88.330196,0,793348,139,8.189263,0.822993,71.339,173,1578,25732,187.6586115,298.114076,29601792,True,,5.0,89.786604875,6.977046125,1.8014487031250004,1.4779738642578129,32,sorted,64,hashed,,,0,0
pir-cold-sorted-bits-v1/campaign,dense,8,prefix-owner,2,12,8,4,1,32,16384,1,5,40,0.9465481250000007,0.9100642499999995,0.9964621250000001,0.118887625,175.16875000000002,0,843268,141,7.957264,0.508151,69.696,175,2814,12995,183.52668549999999,201.55675,29601792,True,,3.0,176.115298125,11.894595000000002,1.6308010546875007,0.9893139331054694,32,sorted,64,hashed,,,0,0
pir-cold-sorted-bits-v1/campaign,dense,8,prefix-owner,2,16,8,4,1,32,16384,1,5,40,1.5973416249999994,1.5127218749999956,1.6273932499999966,0.116849,1182.881543,0,1641988,142,7.943395000000001,0.6409940000000001,69.9685,176,33534,12998,186.4750965,209.391328,29659136,True,,3.0,1184.4788846249999,75.5274380625,6.217972652343749,1.8861310642089837,32,sorted,64,hashed,,,0,0
pir-cold-sorted-bits-v1/campaign,dense,8,directory,2,22,8,4,1,32,16384,1,5,40,0.5634137499999996,0.5458506249999996,0.5753772500000002,0.127624125,79.58086800000001,0,805680,4078,6.660449,0.2656045,68.01299999999999,4110,270,8848,181.322476,200.165818,29622272,True,,1.0,80.14428175,5.537218,0.8742765156249996,0.5828426728515621,32,sorted,64,hashed,,,0,0
pir-cold-sorted-bits-v1/campaign,dense,8,xor,2,16,8,4,1,32,16384,1,5,40,0.610462,0.5941691249999999,0.66049775,0.13005075,169.26495500000001,0,1513908,79,6.6062375,0.2179065,67.8135,107,5818,738,180.1075205,194.660659,29638656,True,,1.0,169.87541700000003,11.189521687500001,1.27165323046875,0.6517864519042968,32,sorted,64,hashed,,,0,0
pir-cold-sorted-bits-v1/campaign,dense,8,prefix-owner,2,8,8,4,1,32,262144,1,5,40,50.82276037499996,42.423553500000054,53.47802012500002,0.11386925,1572.8519150000002,0,12620548,142,7.7901810000000005,7.2375074999999995,75.7365,176,159126,242327,282.0968705,294.166953,29655040,True,,39.0,1623.674675375,149.12600506249998,56.966713167968706,51.20675742456051,32,sorted,64,hashed,,,0,0
pir-cold-sorted-bits-v1/campaign,dense,8,prefix-owner,2,12,8,4,1,32,262144,1,5,40,7.162707875000007,5.870136125000008,7.691739624999995,0.126588,3900.8113240000002,0,12670468,143,7.861089,1.6521270000000001,70.06,177,23040,32111,232.1171845,250.608551,29704192,True,,6.0,3907.974031875,250.963415625,22.400252109375007,8.115054389648444,32,sorted,64,hashed,,,0,0
pir-cold-sorted-bits-v1/campaign,dense,8,prefix-owner,2,16,8,4,1,32,262144,1,5,40,3.660634874999989,3.5709966250000003,3.7980941249999973,0.132037125,38017.036592000004,0,13469188,144,7.845688,1.217292,69.43549999999999,178,41214,13002,227.944965,235.456905,29671424,True,,3.0,38020.697226875,2379.7254218750004,152.16468406250002,12.94213794921874,32,sorted,64,hashed,,,0,0
pir-cold-sorted-bits-v1/campaign,dense,8,directory,2,22,8,4,1,32,262144,1,5,40,1.9356109999999875,1.8449518749999971,2.0394081250000027,0.253204125,1421.8796790000001,0,12869280,63651,6.796892,0.676761,67.845,63683,3062,8850,224.52038299999998,256.940805,30322688,True,,1.0,1423.81529,90.8030909375,7.489828496093738,2.282749593505847,32,sorted,64,hashed,,,0,0
pir-cold-sorted-bits-v1/campaign,dense,8,xor,2,16,8,4,1,32,262144,1,5,40,4.784108999999994,4.651060624999994,4.874336374999993,0.121415125,3627.4496350000004,0,24222132,81,6.579485,0.6861225,67.651,109,91834,740,224.3254955,231.380875,29872128,True,,1.0,3632.2337440000006,231.49971118750003,18.953834136718747,5.669716821044916,32,sorted,64,hashed,,,0,0
pir-cold-sorted-bits-v1/campaign,dense,4,bit-owners,2,1,8,4,1,32,16384,1,5,20,73.37324699999996,72.71065600000003,74.39531124999999,0.13234425,414.8518369999998,0,792420,760,91.24033800000001,42.206253000000004,195.9115,794,93398,1654917,448.498224,454.024186,31244288,True,online-wire,321.0,488.2250839999998,99.30148681249995,74.99376198828121,73.47452918676754,32,sorted,64,hashed,,,0,0
pir-cold-sorted-bits-v1/campaign,dense,4,bit-owners,2,4,8,4,1,32,16384,1,5,20,11.184345999999987,11.0381225,11.317499999999999,0.1233675,180.20294,0,805828,302,27.8430375,6.790178,95.935,336,13410,230115,236.0693525,241.705011,30027776,True,,51.0,191.387286,22.447029749999988,11.888263734374988,11.228340858398425,32,sorted,64,hashed,,,0,0
pir-cold-sorted-bits-v1/campaign,dense,4,bit-owners,2,8,8,4,1,32,16384,1,5,20,2.3236597500000027,2.2977662500000005,2.352331250000001,0.125656,198.708969,0,909828,221,17.3765335,1.637861,80.49199999999999,255,3048,28997,202.3600395,224.228768,29757440,True,,12.0,201.03262875,14.742970312500002,3.099866660156253,2.372172681884768,32,sorted,64,hashed,,,0,0
pir-cold-sorted-bits-v1/campaign,dense,4,bit-owners-raw,2,1,8,4,1,32,16384,1,5,20,73.84758175000009,73.08806499999999,89.09525674999999,0.12820125,414.85564299999965,0,798340,760,91.748186,42.5570265,196.72499999999997,794,93398,1666754,452.456735,645.103552,31281152,True,online-wire,321.0,488.7032247499997,99.77605943750007,75.46811160546883,73.94886486596688,32,sorted,64,hashed,,,0,0
pir-cold-sorted-bits-v1/campaign,dense,4,bit-owners-raw,2,4,8,4,1,32,16384,1,5,20,11.157974999999999,11.097072749999999,11.378004749999995,0.11849325,190.98889699999998,0,806660,302,28.095137,6.8083,96.1625,336,13410,230328,235.65412600000002,248.035289,30056448,True,,51.0,202.14687199999997,23.094781062499997,11.90402537890625,11.20460314868164,32,sorted,64,hashed,,,0,0
pir-cold-sorted-bits-v1/campaign,dense,4,bit-owners-raw,2,8,8,4,1,32,16384,1,5,20,2.3472655000000007,2.314048999999999,2.4109689999999997,0.136214,199.936064,0,923140,221,17.1637855,1.64814,79.86099999999999,255,3048,29208,202.3130745,207.125222,29786112,True,,12.0,202.28332949999998,14.8432695,3.1282657500000006,2.3960780156250006,32,sorted,64,hashed,,,0,0
